X,CH1,CH2,Start,Increment,
Sequence,Volt,Volt,-1.590000e-06,2.000000e-09
0,-5.00e-02,-1.13e-05,
1,5.00e-02,1.00e-01,
2,-5.00e-02,-1.13e-05,
3,-5.00e-02,-1.13e-05,
4,-5.00e-02,-1.13e-05,
5,5.00e-02,1.00e-01,
6,-5.00e-02,-1.13e-05,
7,-5.00e-02,-1.13e-05,
8,-5.00e-02,-1.13e-05,
9,5.00e-02,-1.13e-05,
10,-5.00e-02,-1.13e-05,
11,-5.00e-02,-1.13e-05,
12,-5.00e-02,-1.13e-05,
13,5.00e-02,1.00e-01,
14,-5.00e-02,-1.13e-05,
15,-5.00e-02,-1.13e-05,
16,-5.00e-02,-1.13e-05,
17,5.00e-02,1.00e-01,
18,-5.00e-02,-1.13e-05,
19,-5.00e-02,-1.13e-05,
20,-5.00e-02,-1.13e-05,
21,5.00e-02,1.00e-01,
22,-5.00e-02,-1.13e-05,
23,-5.00e-02,-1.13e-05,
24,-5.00e-02,-1.13e-05,
25,5.00e-02,1.00e-01,
26,-5.00e-02,-1.13e-05,
27,-5.00e-02,-1.13e-05,
28,-5.00e-02,-1.13e-05,
29,5.00e-02,1.00e-01,
30,-1.50e-01,-1.00e-01,
31,5.00e-02,-1.13e-05,
32,-5.00e-02,-1.13e-05,
33,-5.00e-02,-1.13e-05,
34,5.00e-02,1.00e-01,
35,-5.00e-02,-1.00e-01,
36,-5.00e-02,-1.13e-05,
37,5.00e-02,1.00e-01,
38,-5.00e-02,-1.13e-05,
39,-5.00e-02,-1.13e-05,
40,-5.00e-02,-1.13e-05,
41,5.00e-02,1.00e-01,
42,-5.00e-02,-1.13e-05,
43,-5.00e-02,-1.13e-05,
44,-5.00e-02,-1.13e-05,
45,5.00e-02,1.00e-01,
46,-5.00e-02,-1.13e-05,
47,-5.00e-02,-1.13e-05,
48,-5.00e-02,-1.13e-05,
49,-5.00e-02,-1.13e-05,
50,-5.00e-02,-1.13e-05,
51,-5.00e-02,-1.13e-05,
52,-5.00e-02,-1.13e-05,
53,5.00e-02,1.00e-01,
54,-5.00e-02,-1.13e-05,
55,-5.00e-02,-1.13e-05,
56,-5.00e-02,-1.13e-05,
57,5.00e-02,1.00e-01,
58,-5.00e-02,-1.13e-05,
59,-5.00e-02,-1.13e-05,
60,-5.00e-02,-1.13e-05,
61,5.00e-02,1.00e-01,
62,-5.00e-02,-1.13e-05,
63,-5.00e-02,-1.13e-05,
64,-5.00e-02,-1.13e-05,
65,5.00e-02,1.00e-01,
66,-5.00e-02,-1.13e-05,
67,-5.00e-02,-1.13e-05,
68,-5.00e-02,-1.13e-05,
69,-5.00e-02,-1.13e-05,
70,-5.00e-02,-1.13e-05,
71,-5.00e-02,-1.13e-05,
72,-5.00e-02,-1.13e-05,
73,5.00e-02,1.00e-01,
74,-5.00e-02,-1.13e-05,
75,-5.00e-02,-1.13e-05,
76,-5.00e-02,-1.13e-05,
77,5.00e-02,-1.13e-05,
78,-5.00e-02,-1.13e-05,
79,-5.00e-02,-1.13e-05,
80,-5.00e-02,-1.13e-05,
81,5.00e-02,-1.13e-05,
82,-5.00e-02,-1.13e-05,
83,-5.00e-02,-1.13e-05,
84,-5.00e-02,-1.13e-05,
85,5.00e-02,1.00e-01,
86,-5.00e-02,-1.13e-05,
87,-5.00e-02,-1.13e-05,
88,-5.00e-02,-1.13e-05,
89,-5.00e-02,-1.13e-05,
90,-5.00e-02,-1.13e-05,
91,-5.00e-02,-1.13e-05,
92,-5.00e-02,-1.13e-05,
93,5.00e-02,-1.13e-05,
94,-5.00e-02,-1.13e-05,
95,-5.00e-02,-1.13e-05,
96,-5.00e-02,-1.13e-05,
97,5.00e-02,-1.13e-05,
98,-5.00e-02,-1.13e-05,
99,-5.00e-02,-1.13e-05,
100,-5.00e-02,-1.13e-05,
101,5.00e-02,-1.13e-05,
102,-5.00e-02,-1.13e-05,
103,-5.00e-02,-1.13e-05,
104,-5.00e-02,-1.13e-05,
105,5.00e-02,-1.13e-05,
106,-5.00e-02,-1.13e-05,
107,-5.00e-02,-1.13e-05,
108,-5.00e-02,-1.13e-05,
109,-5.00e-02,-1.13e-05,
110,-5.00e-02,-1.13e-05,
111,-5.00e-02,-1.13e-05,
112,-5.00e-02,-1.13e-05,
113,5.00e-02,-1.13e-05,
114,-5.00e-02,-1.13e-05,
115,-5.00e-02,-1.13e-05,
116,-5.00e-02,-1.13e-05,
117,5.00e-02,-1.13e-05,
118,-5.00e-02,-1.13e-05,
119,-5.00e-02,-1.13e-05,
120,-5.00e-02,-1.13e-05,
121,-5.00e-02,-1.13e-05,
122,-5.00e-02,-1.13e-05,
123,-5.00e-02,-1.13e-05,
124,-5.00e-02,-1.13e-05,
125,5.00e-02,-1.13e-05,
126,-5.00e-02,-1.13e-05,
127,-5.00e-02,-1.13e-05,
128,-5.00e-02,-1.13e-05,
129,-5.00e-02,-1.13e-05,
130,-5.00e-02,-1.13e-05,
131,-5.00e-02,-1.13e-05,
132,-5.00e-02,-1.13e-05,
133,5.00e-02,-1.13e-05,
134,-5.00e-02,-1.00e-01,
135,-5.00e-02,-1.13e-05,
136,-5.00e-02,-1.13e-05,
137,5.00e-02,-1.13e-05,
138,-5.00e-02,-1.13e-05,
139,-5.00e-02,-1.00e-01,
140,-5.00e-02,-1.00e-01,
141,5.00e-02,-1.13e-05,
142,-5.00e-02,-1.00e-01,
143,-5.00e-02,-1.13e-05,
144,-5.00e-02,-1.00e-01,
145,-5.00e-02,-1.13e-05,
146,-5.00e-02,-1.13e-05,
147,-5.00e-02,-1.13e-05,
148,-5.00e-02,-1.13e-05,
149,-5.00e-02,-1.13e-05,
150,-5.00e-02,-1.13e-05,
151,-5.00e-02,-1.13e-05,
152,-5.00e-02,-1.00e-01,
153,5.00e-02,-1.13e-05,
154,-5.00e-02,-1.00e-01,
155,-5.00e-02,-1.00e-01,
156,-5.00e-02,-1.00e-01,
157,5.00e-02,-1.13e-05,
158,-5.00e-02,-1.00e-01,
159,-5.00e-02,-1.00e-01,
160,-5.00e-02,-1.13e-05,
161,-5.00e-02,-1.13e-05,
162,-5.00e-02,-1.00e-01,
163,-5.00e-02,-1.13e-05,
164,-5.00e-02,-1.00e-01,
165,5.00e-02,-1.13e-05,
166,-5.00e-02,-1.00e-01,
167,-5.00e-02,-1.13e-05,
168,-5.00e-02,-1.00e-01,
169,-5.00e-02,-1.13e-05,
170,-5.00e-02,-1.13e-05,
171,-5.00e-02,-1.00e-01,
172,-5.00e-02,-1.00e-01,
173,5.00e-02,-1.13e-05,
174,-5.00e-02,-1.00e-01,
175,-5.00e-02,-1.00e-01,
176,-5.00e-02,-1.00e-01,
177,-5.00e-02,-1.13e-05,
178,-5.00e-02,-1.13e-05,
179,-5.00e-02,-1.00e-01,
180,-5.00e-02,-1.00e-01,
181,5.00e-02,-1.13e-05,
182,-5.00e-02,-1.00e-01,
183,-5.00e-02,-1.00e-01,
184,-5.00e-02,-1.00e-01,
185,5.00e-02,-1.13e-05,
186,-5.00e-02,-1.00e-01,
187,-5.00e-02,-1.00e-01,
188,-5.00e-02,-1.13e-05,
189,-5.00e-02,-1.13e-05,
190,-5.00e-02,-1.13e-05,
191,-5.00e-02,-1.13e-05,
192,-5.00e-02,-1.00e-01,
193,5.00e-02,-1.13e-05,
194,-5.00e-02,-1.00e-01,
195,-5.00e-02,-1.00e-01,
196,-5.00e-02,-1.00e-01,
197,-5.00e-02,-1.13e-05,
198,-5.00e-02,-1.00e-01,
199,-5.00e-02,-1.00e-01,
200,-5.00e-02,-1.13e-05,
201,-5.00e-02,-1.13e-05,
202,-5.00e-02,-1.00e-01,
203,-5.00e-02,-1.00e-01,
204,-5.00e-02,-1.00e-01,
205,5.00e-02,-1.13e-05,
206,-5.00e-02,-1.00e-01,
207,-5.00e-02,-1.00e-01,
208,-5.00e-02,-1.00e-01,
209,-5.00e-02,-1.13e-05,
210,-5.00e-02,-1.13e-05,
211,-5.00e-02,-1.13e-05,
212,-5.00e-02,-1.00e-01,
213,5.00e-02,-1.13e-05,
214,-5.00e-02,-1.00e-01,
215,-5.00e-02,-1.00e-01,
216,-5.00e-02,-1.00e-01,
217,-5.00e-02,-1.13e-05,
218,-5.00e-02,-1.13e-05,
219,-5.00e-02,-1.00e-01,
220,-5.00e-02,-1.00e-01,
221,5.00e-02,-1.13e-05,
222,-5.00e-02,-1.00e-01,
223,-5.00e-02,-1.13e-05,
224,-5.00e-02,-1.00e-01,
225,-5.00e-02,-1.13e-05,
226,-5.00e-02,-1.13e-05,
227,-5.00e-02,-1.00e-01,
228,-5.00e-02,-1.00e-01,
229,5.00e-02,-1.13e-05,
230,-1.50e-01,-1.00e-01,
231,5.00e-02,-1.13e-05,
232,-5.00e-02,-1.00e-01,
233,-5.00e-02,-1.13e-05,
234,5.00e-02,-1.13e-05,
235,-1.50e-01,-1.00e-01,
236,-5.00e-02,-1.13e-05,
237,5.00e-02,-1.13e-05,
238,-5.00e-02,-1.00e-01,
239,-5.00e-02,-1.13e-05,
240,-5.00e-02,-1.00e-01,
241,5.00e-02,-1.13e-05,
242,-5.00e-02,-1.13e-05,
243,-5.00e-02,-1.00e-01,
244,-5.00e-02,-1.13e-05,
245,-5.00e-02,-1.13e-05,
246,-5.00e-02,-1.13e-05,
247,-5.00e-02,-1.13e-05,
248,-5.00e-02,-1.13e-05,
249,-5.00e-02,-1.13e-05,
250,-5.00e-02,-1.13e-05,
251,-5.00e-02,-1.13e-05,
252,-5.00e-02,-1.00e-01,
253,5.00e-02,-1.13e-05,
254,-5.00e-02,-1.00e-01,
255,-5.00e-02,-1.13e-05,
256,-5.00e-02,-1.13e-05,
257,-5.00e-02,-1.13e-05,
258,-5.00e-02,-1.13e-05,
259,-5.00e-02,-1.13e-05,
260,-5.00e-02,-1.13e-05,
261,5.00e-02,-1.13e-05,
262,-5.00e-02,-1.00e-01,
263,-5.00e-02,-1.13e-05,
264,-5.00e-02,-1.13e-05,
265,-5.00e-02,-1.13e-05,
266,-5.00e-02,-1.13e-05,
267,-5.00e-02,-1.13e-05,
268,-5.00e-02,-1.13e-05,
269,-5.00e-02,-1.13e-05,
270,-5.00e-02,-1.13e-05,
271,-5.00e-02,-1.13e-05,
272,-5.00e-02,-1.13e-05,
273,5.00e-02,-1.13e-05,
274,-5.00e-02,-1.13e-05,
275,-5.00e-02,-1.13e-05,
276,-5.00e-02,-1.13e-05,
277,5.00e-02,-1.13e-05,
278,-5.00e-02,-1.13e-05,
279,-5.00e-02,-1.13e-05,
280,-5.00e-02,-1.13e-05,
281,5.00e-02,-1.13e-05,
282,-5.00e-02,-1.13e-05,
283,-5.00e-02,-1.13e-05,
284,-5.00e-02,-1.13e-05,
285,5.00e-02,-1.13e-05,
286,-5.00e-02,-1.13e-05,
287,-5.00e-02,-1.13e-05,
288,-5.00e-02,-1.13e-05,
289,-5.00e-02,-1.13e-05,
290,-5.00e-02,-1.13e-05,
291,-5.00e-02,-1.13e-05,
292,-5.00e-02,-1.13e-05,
293,5.00e-02,-1.13e-05,
294,-5.00e-02,-1.13e-05,
295,-5.00e-02,-1.13e-05,
296,-5.00e-02,-1.13e-05,
297,5.00e-02,-1.13e-05,
298,-5.00e-02,-1.13e-05,
299,-5.00e-02,-1.13e-05,
300,-5.00e-02,-1.13e-05,
301,5.00e-02,-1.13e-05,
302,-5.00e-02,-1.13e-05,
303,-5.00e-02,-1.13e-05,
304,-5.00e-02,-1.13e-05,
305,5.00e-02,-1.13e-05,
306,-5.00e-02,-1.13e-05,
307,-5.00e-02,-1.13e-05,
308,-5.00e-02,-1.13e-05,
309,-5.00e-02,-1.13e-05,
310,-5.00e-02,-1.13e-05,
311,-5.00e-02,-1.13e-05,
312,-5.00e-02,-1.13e-05,
313,5.00e-02,1.00e-01,
314,-5.00e-02,-1.13e-05,
315,-5.00e-02,-1.13e-05,
316,-5.00e-02,-1.13e-05,
317,5.00e-02,-1.13e-05,
318,-5.00e-02,-1.13e-05,
319,-5.00e-02,-1.13e-05,
320,-5.00e-02,-1.13e-05,
321,5.00e-02,1.00e-01,
322,-5.00e-02,-1.13e-05,
323,-5.00e-02,-1.13e-05,
324,-5.00e-02,-1.13e-05,
325,5.00e-02,-1.13e-05,
326,-5.00e-02,-1.13e-05,
327,-5.00e-02,-1.13e-05,
328,-5.00e-02,-1.13e-05,
329,-5.00e-02,-1.13e-05,
330,-5.00e-02,-1.13e-05,
331,-5.00e-02,-1.13e-05,
332,-5.00e-02,-1.13e-05,
333,5.00e-02,1.00e-01,
334,-5.00e-02,-1.13e-05,
335,-5.00e-02,-1.13e-05,
336,-5.00e-02,-1.13e-05,
337,5.00e-02,-1.13e-05,
338,-5.00e-02,-1.13e-05,
339,-5.00e-02,-1.13e-05,
340,-5.00e-02,-1.13e-05,
341,5.00e-02,-1.13e-05,
342,-5.00e-02,-1.13e-05,
343,-5.00e-02,-1.13e-05,
344,-5.00e-02,-1.13e-05,
345,5.00e-02,1.00e-01,
346,-5.00e-02,-1.13e-05,
347,-5.00e-02,-1.13e-05,
348,-5.00e-02,-1.13e-05,
349,-5.00e-02,-1.13e-05,
350,-5.00e-02,-1.13e-05,
351,-5.00e-02,-1.13e-05,
352,-5.00e-02,-1.13e-05,
353,5.00e-02,1.00e-01,
354,-5.00e-02,-1.13e-05,
355,-5.00e-02,-1.13e-05,
356,-5.00e-02,-1.13e-05,
357,5.00e-02,1.00e-01,
358,-5.00e-02,-1.13e-05,
359,-5.00e-02,-1.13e-05,
360,-5.00e-02,-1.13e-05,
361,5.00e-02,1.00e-01,
362,-5.00e-02,-1.13e-05,
363,-5.00e-02,-1.13e-05,
364,-5.00e-02,-1.13e-05,
365,5.00e-02,1.00e-01,
366,-5.00e-02,-1.13e-05,
367,-5.00e-02,-1.13e-05,
368,-5.00e-02,-1.13e-05,
369,-5.00e-02,-1.13e-05,
370,-5.00e-02,-1.13e-05,
371,-5.00e-02,-1.13e-05,
372,-5.00e-02,-1.13e-05,
373,5.00e-02,1.00e-01,
374,-5.00e-02,-1.13e-05,
375,-5.00e-02,-1.13e-05,
376,-5.00e-02,-1.13e-05,
377,5.00e-02,1.00e-01,
378,-5.00e-02,-1.13e-05,
379,-5.00e-02,-1.13e-05,
380,-5.00e-02,-1.13e-05,
381,5.00e-02,-1.13e-05,
382,-5.00e-02,-1.13e-05,
383,-5.00e-02,-1.13e-05,
384,-5.00e-02,-1.13e-05,
385,5.00e-02,1.00e-01,
386,-5.00e-02,-1.13e-05,
387,-5.00e-02,-1.13e-05,
388,-5.00e-02,-1.13e-05,
389,-5.00e-02,-1.13e-05,
390,-5.00e-02,-1.13e-05,
391,-5.00e-02,-1.13e-05,
392,-5.00e-02,-1.13e-05,
393,5.00e-02,1.00e-01,
394,-5.00e-02,-1.13e-05,
395,-5.00e-02,-1.13e-05,
396,-5.00e-02,-1.13e-05,
397,5.00e-02,1.00e-01,
398,-5.00e-02,-1.13e-05,
399,-5.00e-02,-1.13e-05,
400,-5.00e-02,-1.13e-05,
401,5.00e-02,1.00e-01,
402,-5.00e-02,-1.13e-05,
403,-5.00e-02,-1.13e-05,
404,-5.00e-02,-1.13e-05,
405,5.00e-02,-1.13e-05,
406,-5.00e-02,-1.13e-05,
407,-5.00e-02,-1.13e-05,
408,-5.00e-02,-1.13e-05,
409,-5.00e-02,-1.13e-05,
410,-5.00e-02,-1.13e-05,
411,-5.00e-02,-1.13e-05,
412,-5.00e-02,-1.13e-05,
413,5.00e-02,1.00e-01,
414,-5.00e-02,-1.13e-05,
415,-5.00e-02,-1.13e-05,
416,-5.00e-02,-1.13e-05,
417,5.00e-02,-1.13e-05,
418,-5.00e-02,-1.13e-05,
419,-5.00e-02,-1.13e-05,
420,-5.00e-02,-1.13e-05,
421,5.00e-02,1.00e-01,
422,-5.00e-02,-1.00e-01,
423,-5.00e-02,-1.13e-05,
424,-5.00e-02,-1.13e-05,
425,5.00e-02,-1.13e-05,
426,-5.00e-02,-1.13e-05,
427,-5.00e-02,-1.13e-05,
428,-5.00e-02,-1.13e-05,
429,5.00e-02,1.00e-01,
430,-1.50e-01,-1.00e-01,
431,5.00e-02,-1.13e-05,
432,-5.00e-02,-1.13e-05,
433,-5.00e-02,-1.13e-05,
434,5.00e-02,-1.13e-05,
435,-5.00e-02,-1.00e-01,
436,-5.00e-02,-1.13e-05,
437,5.00e-02,-1.13e-05,
438,-5.00e-02,-1.13e-05,
439,-5.00e-02,-1.13e-05,
440,-5.00e-02,-1.13e-05,
441,5.00e-02,-1.13e-05,
442,-5.00e-02,-1.13e-05,
443,-5.00e-02,-1.13e-05,
444,-5.00e-02,-1.13e-05,
445,5.00e-02,-1.13e-05,
446,-5.00e-02,-1.13e-05,
447,-5.00e-02,-1.13e-05,
448,-5.00e-02,-1.13e-05,
449,-5.00e-02,-1.13e-05,
450,-5.00e-02,-1.13e-05,
451,-5.00e-02,-1.13e-05,
452,-1.50e-01,-1.00e-01,
453,5.00e-02,-1.13e-05,
454,-5.00e-02,-1.13e-05,
455,-5.00e-02,-1.13e-05,
456,-5.00e-02,-1.13e-05,
457,5.00e-02,-1.13e-05,
458,-5.00e-02,-1.13e-05,
459,-5.00e-02,-1.13e-05,
460,-5.00e-02,-1.13e-05,
461,5.00e-02,-1.13e-05,
462,-5.00e-02,-1.13e-05,
463,-5.00e-02,-1.13e-05,
464,-5.00e-02,-1.13e-05,
465,5.00e-02,-1.13e-05,
466,-5.00e-02,-1.13e-05,
467,-5.00e-02,-1.13e-05,
468,-5.00e-02,-1.13e-05,
469,-5.00e-02,-1.13e-05,
470,-5.00e-02,-1.13e-05,
471,-5.00e-02,-1.13e-05,
472,-5.00e-02,-1.13e-05,
473,5.00e-02,-1.13e-05,
474,-5.00e-02,-1.13e-05,
475,-5.00e-02,-1.13e-05,
476,-5.00e-02,-1.13e-05,
477,5.00e-02,-1.13e-05,
478,-5.00e-02,-1.13e-05,
479,-5.00e-02,-1.13e-05,
480,-5.00e-02,-1.13e-05,
481,5.00e-02,-1.13e-05,
482,-5.00e-02,-1.13e-05,
483,-5.00e-02,-1.13e-05,
484,-5.00e-02,-1.00e-01,
485,5.00e-02,-1.13e-05,
486,-5.00e-02,-1.13e-05,
487,-5.00e-02,-1.13e-05,
488,-5.00e-02,-1.13e-05,
489,-5.00e-02,-1.13e-05,
490,-5.00e-02,-1.13e-05,
491,-5.00e-02,-1.00e-01,
492,-5.00e-02,-1.00e-01,
493,5.00e-02,-1.13e-05,
494,-5.00e-02,-1.00e-01,
495,-5.00e-02,-1.13e-05,
496,-5.00e-02,-1.00e-01,
497,5.00e-02,-1.13e-05,
498,-5.00e-02,-1.13e-05,
499,-5.00e-02,-1.00e-01,
500,-5.00e-02,-1.13e-05,
501,5.00e-02,-1.13e-05,
502,-5.00e-02,-1.00e-01,
503,-5.00e-02,-1.13e-05,
504,-5.00e-02,-1.00e-01,
505,-5.00e-02,-1.13e-05,
506,-5.00e-02,-1.13e-05,
507,-5.00e-02,-1.00e-01,
508,-5.00e-02,-1.13e-05,
509,-5.00e-02,-1.13e-05,
510,-5.00e-02,-1.13e-05,
511,-5.00e-02,-1.00e-01,
512,-5.00e-02,-1.00e-01,
513,5.00e-02,-1.13e-05,
514,-5.00e-02,-1.00e-01,
515,-5.00e-02,-1.00e-01,
516,-5.00e-02,-1.00e-01,
517,-5.00e-02,-1.13e-05,
518,-5.00e-02,-1.00e-01,
519,-5.00e-02,-1.00e-01,
520,-5.00e-02,-1.13e-05,
521,5.00e-02,-1.13e-05,
522,-5.00e-02,-1.00e-01,
523,-5.00e-02,-1.13e-05,
524,-5.00e-02,-1.00e-01,
525,5.00e-02,-1.13e-05,
526,-5.00e-02,-1.00e-01,
527,-5.00e-02,-1.13e-05,
528,-5.00e-02,-1.00e-01,
529,-5.00e-02,-1.13e-05,
530,-5.00e-02,-1.13e-05,
531,-5.00e-02,-1.00e-01,
532,-5.00e-02,-1.00e-01,
533,-5.00e-02,-1.13e-05,
534,-5.00e-02,-1.00e-01,
535,-5.00e-02,-1.00e-01,
536,-5.00e-02,-1.00e-01,
537,-5.00e-02,-1.13e-05,
538,-5.00e-02,-1.13e-05,
539,-5.00e-02,-1.00e-01,
540,-5.00e-02,-1.13e-05,
541,5.00e-02,-1.13e-05,
542,-5.00e-02,-1.00e-01,
543,-5.00e-02,-1.13e-05,
544,-5.00e-02,-1.00e-01,
545,-5.00e-02,-1.13e-05,
546,-5.00e-02,-1.13e-05,
547,-5.00e-02,-1.00e-01,
548,-5.00e-02,-1.13e-05,
549,-5.00e-02,-1.13e-05,
550,-5.00e-02,-1.13e-05,
551,-5.00e-02,-1.00e-01,
552,-5.00e-02,-1.00e-01,
553,5.00e-02,-1.13e-05,
554,-5.00e-02,-1.00e-01,
555,-5.00e-02,-1.13e-05,
556,-5.00e-02,-1.00e-01,
557,5.00e-02,-1.13e-05,
558,-5.00e-02,-1.00e-01,
559,-5.00e-02,-1.00e-01,
560,-5.00e-02,-1.13e-05,
561,5.00e-02,-1.13e-05,
562,-5.00e-02,-1.00e-01,
563,-5.00e-02,-1.13e-05,
564,-5.00e-02,-1.00e-01,
565,5.00e-02,-1.13e-05,
566,-5.00e-02,-1.13e-05,
567,-5.00e-02,-1.00e-01,
568,-5.00e-02,-1.13e-05,
569,-5.00e-02,-1.13e-05,
570,-5.00e-02,-1.13e-05,
571,-5.00e-02,-1.00e-01,
572,-5.00e-02,-1.00e-01,
573,5.00e-02,-1.13e-05,
574,-5.00e-02,-1.00e-01,
575,-5.00e-02,-1.13e-05,
576,-5.00e-02,-1.00e-01,
577,-5.00e-02,-1.13e-05,
578,-5.00e-02,-1.13e-05,
579,-5.00e-02,-1.00e-01,
580,-5.00e-02,-1.13e-05,
581,-5.00e-02,-1.13e-05,
582,-5.00e-02,-1.13e-05,
583,-5.00e-02,-1.13e-05,
584,-5.00e-02,-1.13e-05,
585,5.00e-02,-1.13e-05,
586,-5.00e-02,-1.13e-05,
587,-5.00e-02,-1.13e-05,
588,-5.00e-02,-1.13e-05,
589,-5.00e-02,-1.13e-05,
590,-5.00e-02,-1.13e-05,
591,-5.00e-02,-1.13e-05,
592,-5.00e-02,-1.00e-01,
593,5.00e-02,-1.13e-05,
594,-5.00e-02,-1.13e-05,
595,-5.00e-02,-1.13e-05,
596,-5.00e-02,-1.00e-01,
597,5.00e-02,-1.13e-05,
598,-5.00e-02,-1.13e-05,
599,-5.00e-02,-1.13e-05,
600,-5.00e-02,-1.13e-05,
601,5.00e-02,-1.13e-05,
602,-5.00e-02,-1.13e-05,
603,-5.00e-02,-1.13e-05,
604,-5.00e-02,-1.13e-05,
605,5.00e-02,-1.13e-05,
606,-5.00e-02,-1.13e-05,
607,-5.00e-02,-1.13e-05,
608,-5.00e-02,-1.13e-05,
609,-5.00e-02,-1.13e-05,
610,-5.00e-02,-1.13e-05,
611,-5.00e-02,-1.13e-05,
612,-5.00e-02,-1.00e-01,
613,5.00e-02,-1.13e-05,
614,-5.00e-02,-1.13e-05,
615,-5.00e-02,-1.13e-05,
616,-5.00e-02,-1.13e-05,
617,5.00e-02,-1.13e-05,
618,-5.00e-02,-1.13e-05,
619,-5.00e-02,-1.13e-05,
620,-5.00e-02,-1.13e-05,
621,5.00e-02,-1.13e-05,
622,-5.00e-02,-1.00e-01,
623,-5.00e-02,-1.13e-05,
624,-5.00e-02,-1.13e-05,
625,-5.00e-02,-1.13e-05,
626,-5.00e-02,-1.13e-05,
627,-5.00e-02,-1.13e-05,
628,-5.00e-02,-1.13e-05,
629,5.00e-02,1.00e-01,
630,-1.50e-01,-1.00e-01,
631,5.00e-02,-1.13e-05,
632,-5.00e-02,-1.13e-05,
633,-5.00e-02,-1.13e-05,
634,5.00e-02,-1.13e-05,
635,-5.00e-02,-1.00e-01,
636,-5.00e-02,-1.13e-05,
637,5.00e-02,-1.13e-05,
638,-5.00e-02,-1.13e-05,
639,-5.00e-02,-1.13e-05,
640,-5.00e-02,-1.13e-05,
641,5.00e-02,1.00e-01,
642,-5.00e-02,-1.13e-05,
643,-5.00e-02,-1.13e-05,
644,-5.00e-02,-1.13e-05,
645,5.00e-02,-1.13e-05,
646,-5.00e-02,-1.13e-05,
647,-5.00e-02,-1.13e-05,
648,-5.00e-02,-1.13e-05,
649,-5.00e-02,-1.13e-05,
650,-5.00e-02,-1.13e-05,
651,-5.00e-02,-1.13e-05,
652,-5.00e-02,-1.13e-05,
653,5.00e-02,1.00e-01,
654,-5.00e-02,-1.13e-05,
655,-5.00e-02,-1.13e-05,
656,-5.00e-02,-1.13e-05,
657,5.00e-02,-1.13e-05,
658,-5.00e-02,-1.13e-05,
659,-5.00e-02,-1.13e-05,
660,-5.00e-02,-1.13e-05,
661,5.00e-02,1.00e-01,
662,-5.00e-02,-1.13e-05,
663,-5.00e-02,-1.13e-05,
664,-5.00e-02,-1.13e-05,
665,5.00e-02,-1.13e-05,
666,-5.00e-02,-1.13e-05,
667,-5.00e-02,-1.13e-05,
668,-5.00e-02,-1.13e-05,
669,-5.00e-02,-1.13e-05,
670,-5.00e-02,-1.13e-05,
671,-5.00e-02,-1.13e-05,
672,-5.00e-02,-1.13e-05,
673,5.00e-02,1.00e-01,
674,-5.00e-02,-1.13e-05,
675,-5.00e-02,-1.13e-05,
676,-5.00e-02,-1.13e-05,
677,5.00e-02,-1.13e-05,
678,-5.00e-02,-1.13e-05,
679,-5.00e-02,-1.13e-05,
680,-5.00e-02,-1.13e-05,
681,5.00e-02,1.00e-01,
682,-5.00e-02,-1.13e-05,
683,-5.00e-02,-1.13e-05,
684,-5.00e-02,-1.13e-05,
685,5.00e-02,1.00e-01,
686,-5.00e-02,-1.13e-05,
687,-5.00e-02,-1.13e-05,
688,-5.00e-02,-1.13e-05,
689,-5.00e-02,-1.13e-05,
690,-5.00e-02,-1.13e-05,
691,-5.00e-02,-1.13e-05,
692,-5.00e-02,-1.13e-05,
693,5.00e-02,1.00e-01,
694,-5.00e-02,-1.13e-05,
695,-5.00e-02,-1.13e-05,
696,-5.00e-02,-1.13e-05,
697,5.00e-02,1.00e-01,
698,-5.00e-02,-1.13e-05,
699,-5.00e-02,-1.13e-05,
700,-5.00e-02,-1.13e-05,
701,5.00e-02,1.00e-01,
702,-5.00e-02,-1.13e-05,
703,-5.00e-02,-1.13e-05,
704,-5.00e-02,-1.13e-05,
705,5.00e-02,1.00e-01,
706,-5.00e-02,-1.13e-05,
707,-5.00e-02,-1.13e-05,
708,-5.00e-02,-1.13e-05,
709,-5.00e-02,-1.13e-05,
710,-5.00e-02,-1.13e-05,
711,-5.00e-02,-1.13e-05,
712,-5.00e-02,-1.13e-05,
713,5.00e-02,1.00e-01,
714,-5.00e-02,-1.13e-05,
715,-5.00e-02,-1.13e-05,
716,-5.00e-02,-1.13e-05,
717,5.00e-02,1.00e-01,
718,-5.00e-02,-1.13e-05,
719,-5.00e-02,-1.13e-05,
720,-5.00e-02,-1.13e-05,
721,5.00e-02,1.00e-01,
722,-5.00e-02,-1.13e-05,
723,-5.00e-02,-1.13e-05,
724,-5.00e-02,-1.13e-05,
725,5.00e-02,1.00e-01,
726,-5.00e-02,-1.13e-05,
727,-5.00e-02,-1.13e-05,
728,-5.00e-02,-1.13e-05,
729,-5.00e-02,-1.13e-05,
730,-5.00e-02,-1.13e-05,
731,-5.00e-02,-1.13e-05,
732,-5.00e-02,-1.13e-05,
733,5.00e-02,1.00e-01,
734,-5.00e-02,-1.13e-05,
735,-5.00e-02,-1.13e-05,
736,-5.00e-02,-1.13e-05,
737,5.00e-02,1.00e-01,
738,-5.00e-02,-1.13e-05,
739,-5.00e-02,-1.13e-05,
740,-5.00e-02,-1.13e-05,
741,5.00e-02,-1.13e-05,
742,-5.00e-02,-1.13e-05,
743,-5.00e-02,-1.13e-05,
744,-5.00e-02,-1.13e-05,
745,5.00e-02,-1.13e-05,
746,-5.00e-02,-1.13e-05,
747,-5.00e-02,-1.13e-05,
748,-5.00e-02,-1.13e-05,
749,-5.00e-02,-1.13e-05,
750,-5.00e-02,-1.13e-05,
751,-5.00e-02,-1.13e-05,
752,-5.00e-02,-1.13e-05,
753,5.00e-02,1.00e-01,
754,-5.00e-02,-1.13e-05,
755,-5.00e-02,-1.13e-05,
756,-5.00e-02,-1.13e-05,
757,5.00e-02,-1.13e-05,
758,-5.00e-02,-1.13e-05,
759,-5.00e-02,-1.13e-05,
760,-5.00e-02,-1.13e-05,
761,5.00e-02,-1.13e-05,
762,-5.00e-02,-1.13e-05,
763,-5.00e-02,-1.13e-05,
764,-5.00e-02,-1.13e-05,
765,-5.00e-02,-1.13e-05,
766,-5.00e-02,-1.13e-05,
767,-5.00e-02,-1.13e-05,
768,-5.00e-02,-1.13e-05,
769,-5.00e-02,-1.13e-05,
770,-5.00e-02,-1.13e-05,
771,-5.00e-02,-1.13e-05,
772,-1.50e-01,-1.13e-05,
773,-5.00e-02,-1.13e-05,
774,-1.50e-01,-1.13e-05,
775,-5.00e-02,-1.13e-05,
776,-1.50e-01,-1.13e-05,
777,-5.00e-02,-1.13e-05,
778,-5.00e-02,-1.13e-05,
779,-5.00e-02,-1.00e-01,
780,-5.00e-02,-1.13e-05,
781,-5.00e-02,-1.13e-05,
782,-1.50e-01,-1.13e-05,
783,-5.00e-02,-1.13e-05,
784,-1.50e-01,-1.13e-05,
785,-5.00e-02,-1.13e-05,
786,-1.50e-01,-1.13e-05,
787,-5.00e-02,-1.13e-05,
788,-1.50e-01,-1.13e-05,
789,-5.00e-02,-1.13e-05,
790,-5.00e-02,-1.13e-05,
791,1.50e-01,-1.13e-05,
792,5.50e-01,1.00e-01,
793,1.25e+00,2.00e-01,
794,1.75e+00,2.00e-01,
795,2.75e+00,4.00e-01,
796,3.75e+00,5.00e-01,
797,4.75e+00,6.00e-01,
798,5.35e+00,6.00e-01,
799,5.95e+00,6.00e-01,
800,6.45e+00,9.00e-01,
801,7.05e+00,1.00e+00,
802,7.55e+00,1.10e+00,
803,8.15e+00,1.30e+00,
804,8.75e+00,1.40e+00,
805,9.35e+00,1.70e+00,
806,1.00e+01,1.90e+00,
807,1.07e+01,2.20e+00,
808,1.14e+01,2.40e+00,
809,1.21e+01,2.60e+00,
810,1.30e+01,2.90e+00,
811,1.36e+01,3.10e+00,
812,1.44e+01,3.40e+00,
813,1.49e+01,3.70e+00,
814,1.54e+01,3.80e+00,
815,1.54e+01,4.20e+00,
816,1.55e+01,4.40e+00,
817,1.55e+01,4.70e+00,
818,1.57e+01,5.00e+00,
819,1.57e+01,5.20e+00,
820,1.58e+01,5.50e+00,
821,1.59e+01,5.80e+00,
822,1.61e+01,6.30e+00,
823,1.61e+01,6.60e+00,
824,1.62e+01,6.70e+00,
825,1.61e+01,6.30e+00,
826,1.61e+01,5.50e+00,
827,1.59e+01,4.80e+00,
828,1.59e+01,4.80e+00,
829,1.59e+01,5.50e+00,
830,1.62e+01,6.30e+00,
831,1.62e+01,6.70e+00,
832,1.63e+01,6.50e+00,
833,1.62e+01,6.00e+00,
834,1.61e+01,5.30e+00,
835,1.61e+01,5.00e+00,
836,1.61e+01,5.40e+00,
837,1.61e+01,6.10e+00,
838,1.63e+01,6.50e+00,
839,1.63e+01,6.50e+00,
840,1.63e+01,6.10e+00,
841,1.61e+01,5.50e+00,
842,1.61e+01,5.30e+00,
843,1.61e+01,5.50e+00,
844,1.63e+01,6.00e+00,
845,1.63e+01,6.40e+00,
846,1.65e+01,6.40e+00,
847,1.63e+01,6.10e+00,
848,1.62e+01,5.70e+00,
849,1.62e+01,5.50e+00,
850,1.62e+01,5.80e+00,
851,1.63e+01,6.40e+00,
852,1.65e+01,6.80e+00,
853,1.65e+01,7.10e+00,
854,1.65e+01,6.80e+00,
855,1.65e+01,6.60e+00,
856,1.65e+01,6.50e+00,
857,1.63e+01,6.80e+00,
858,1.66e+01,7.30e+00,
859,1.66e+01,7.60e+00,
860,1.66e+01,7.80e+00,
861,1.66e+01,7.70e+00,
862,1.66e+01,7.50e+00,
863,1.66e+01,7.40e+00,
864,1.66e+01,7.60e+00,
865,1.66e+01,8.10e+00,
866,1.67e+01,8.40e+00,
867,1.67e+01,8.50e+00,
868,1.67e+01,8.40e+00,
869,1.67e+01,8.30e+00,
870,1.67e+01,8.30e+00,
871,1.67e+01,8.50e+00,
872,1.68e+01,8.80e+00,
873,1.67e+01,9.10e+00,
874,1.68e+01,9.20e+00,
875,1.68e+01,9.20e+00,
876,1.68e+01,9.10e+00,
877,1.67e+01,9.10e+00,
878,1.68e+01,9.20e+00,
879,1.68e+01,9.50e+00,
880,1.69e+01,9.70e+00,
881,1.68e+01,9.80e+00,
882,1.69e+01,9.80e+00,
883,1.68e+01,9.70e+00,
884,1.69e+01,9.70e+00,
885,1.68e+01,9.80e+00,
886,1.69e+01,1.02e+01,
887,1.69e+01,1.04e+01,
888,1.70e+01,1.04e+01,
889,1.69e+01,1.04e+01,
890,1.69e+01,1.04e+01,
891,1.69e+01,1.04e+01,
892,1.70e+01,1.05e+01,
893,1.69e+01,1.07e+01,
894,1.70e+01,1.09e+01,
895,1.70e+01,1.09e+01,
896,1.70e+01,1.09e+01,
897,1.70e+01,1.09e+01,
898,1.70e+01,1.09e+01,
899,1.70e+01,1.11e+01,
900,1.70e+01,1.13e+01,
901,1.70e+01,1.14e+01,
902,1.71e+01,1.15e+01,
903,1.71e+01,1.15e+01,
904,1.71e+01,1.15e+01,
905,1.70e+01,1.15e+01,
906,1.71e+01,1.16e+01,
907,1.71e+01,1.17e+01,
908,1.71e+01,1.19e+01,
909,1.71e+01,1.19e+01,
910,1.72e+01,1.19e+01,
911,1.71e+01,1.19e+01,
912,1.72e+01,1.21e+01,
913,1.71e+01,1.21e+01,
914,1.72e+01,1.23e+01,
915,1.72e+01,1.24e+01,
916,1.72e+01,1.24e+01,
917,1.72e+01,1.24e+01,
918,1.72e+01,1.25e+01,
919,1.72e+01,1.25e+01,
920,1.72e+01,1.26e+01,
921,1.72e+01,1.26e+01,
922,1.73e+01,1.28e+01,
923,1.73e+01,1.28e+01,
924,1.73e+01,1.28e+01,
925,1.72e+01,1.28e+01,
926,1.73e+01,1.29e+01,
927,1.73e+01,1.29e+01,
928,1.73e+01,1.31e+01,
929,1.73e+01,1.32e+01,
930,1.73e+01,1.33e+01,
931,1.73e+01,1.33e+01,
932,1.73e+01,1.33e+01,
933,1.73e+01,1.33e+01,
934,1.74e+01,1.34e+01,
935,1.73e+01,1.35e+01,
936,1.74e+01,1.35e+01,
937,1.73e+01,1.36e+01,
938,1.74e+01,1.36e+01,
939,1.74e+01,1.36e+01,
940,1.74e+01,1.37e+01,
941,1.73e+01,1.37e+01,
942,1.74e+01,1.38e+01,
943,1.74e+01,1.38e+01,
944,1.74e+01,1.39e+01,
945,1.74e+01,1.39e+01,
946,1.74e+01,1.41e+01,
947,1.74e+01,1.41e+01,
948,1.74e+01,1.41e+01,
949,1.74e+01,1.42e+01,
950,1.74e+01,1.42e+01,
951,1.74e+01,1.43e+01,
952,1.75e+01,1.43e+01,
953,1.74e+01,1.43e+01,
954,1.75e+01,1.44e+01,
955,1.74e+01,1.44e+01,
956,1.75e+01,1.44e+01,
957,1.74e+01,1.45e+01,
958,1.75e+01,1.45e+01,
959,1.75e+01,1.46e+01,
960,1.75e+01,1.46e+01,
961,1.74e+01,1.46e+01,
962,1.75e+01,1.47e+01,
963,1.75e+01,1.47e+01,
964,1.75e+01,1.47e+01,
965,1.75e+01,1.47e+01,
966,1.75e+01,1.48e+01,
967,1.75e+01,1.48e+01,
968,1.75e+01,1.48e+01,
969,1.75e+01,1.49e+01,
970,1.75e+01,1.49e+01,
971,1.75e+01,1.51e+01,
972,1.77e+01,1.51e+01,
973,1.75e+01,1.51e+01,
974,1.77e+01,1.51e+01,
975,1.75e+01,1.52e+01,
976,1.77e+01,1.52e+01,
977,1.75e+01,1.52e+01,
978,1.77e+01,1.53e+01,
979,1.77e+01,1.53e+01,
980,1.77e+01,1.53e+01,
981,1.75e+01,1.53e+01,
982,1.77e+01,1.54e+01,
983,1.77e+01,1.54e+01,
984,1.77e+01,1.54e+01,
985,1.75e+01,1.54e+01,
986,1.77e+01,1.55e+01,
987,1.77e+01,1.55e+01,
988,1.77e+01,1.55e+01,
989,1.77e+01,1.55e+01,
990,1.77e+01,1.56e+01,
991,1.77e+01,1.56e+01,
992,1.77e+01,1.56e+01,
993,1.75e+01,1.56e+01,
994,1.77e+01,1.57e+01,
995,1.77e+01,1.57e+01,
996,1.77e+01,1.57e+01,
997,1.77e+01,1.57e+01,
998,1.77e+01,1.58e+01,
999,1.77e+01,1.58e+01,
1000,1.77e+01,1.58e+01,
1001,1.77e+01,1.58e+01,
1002,1.77e+01,1.59e+01,
1003,1.77e+01,1.59e+01,
1004,1.77e+01,1.59e+01,
1005,1.77e+01,1.59e+01,
1006,1.77e+01,1.61e+01,
1007,1.77e+01,1.61e+01,
1008,1.77e+01,1.61e+01,
1009,1.77e+01,1.61e+01,
1010,1.77e+01,1.61e+01,
1011,1.77e+01,1.62e+01,
1012,1.78e+01,1.62e+01,
1013,1.77e+01,1.62e+01,
1014,1.78e+01,1.62e+01,
1015,1.77e+01,1.63e+01,
1016,1.78e+01,1.63e+01,
1017,1.77e+01,1.62e+01,
1018,1.78e+01,1.63e+01,
1019,1.78e+01,1.63e+01,
1020,1.78e+01,1.63e+01,
1021,1.77e+01,1.63e+01,
1022,1.78e+01,1.64e+01,
1023,1.77e+01,1.64e+01,
1024,1.78e+01,1.64e+01,
1025,1.77e+01,1.64e+01,
1026,1.78e+01,1.64e+01,
1027,1.78e+01,1.65e+01,
1028,1.78e+01,1.65e+01,
1029,1.77e+01,1.64e+01,
1030,1.78e+01,1.66e+01,
1031,1.77e+01,1.65e+01,
1032,1.78e+01,1.66e+01,
1033,1.78e+01,1.65e+01,
1034,1.77e+01,1.65e+01,
1035,1.78e+01,1.66e+01,
1036,1.78e+01,1.66e+01,
1037,1.77e+01,1.66e+01,
1038,1.78e+01,1.67e+01,
1039,1.78e+01,1.66e+01,
1040,1.78e+01,1.67e+01,
1041,1.77e+01,1.66e+01,
1042,1.78e+01,1.67e+01,
1043,1.78e+01,1.67e+01,
1044,1.78e+01,1.67e+01,
1045,1.77e+01,1.67e+01,
1046,1.78e+01,1.68e+01,
1047,1.78e+01,1.68e+01,
1048,1.78e+01,1.68e+01,
1049,1.78e+01,1.68e+01,
1050,1.78e+01,1.68e+01,
1051,1.78e+01,1.68e+01,
1052,1.78e+01,1.68e+01,
1053,1.77e+01,1.68e+01,
1054,1.78e+01,1.69e+01,
1055,1.78e+01,1.69e+01,
1056,1.78e+01,1.69e+01,
1057,1.78e+01,1.68e+01,
1058,1.78e+01,1.69e+01,
1059,1.78e+01,1.69e+01,
1060,1.78e+01,1.69e+01,
1061,1.78e+01,1.69e+01,
1062,1.78e+01,1.71e+01,
1063,1.78e+01,1.69e+01,
1064,1.79e+01,1.71e+01,
1065,1.78e+01,1.69e+01,
1066,1.78e+01,1.71e+01,
1067,1.78e+01,1.71e+01,
1068,1.78e+01,1.71e+01,
1069,1.78e+01,1.71e+01,
1070,1.78e+01,1.71e+01,
1071,1.78e+01,1.71e+01,
1072,1.79e+01,1.72e+01,
1073,1.78e+01,1.71e+01,
1074,1.79e+01,1.72e+01,
1075,1.78e+01,1.72e+01,
1076,1.79e+01,1.72e+01,
1077,1.78e+01,1.72e+01,
1078,1.79e+01,1.72e+01,
1079,1.78e+01,1.72e+01,
1080,1.78e+01,1.72e+01,
1081,1.78e+01,1.72e+01,
1082,1.79e+01,1.72e+01,
1083,1.78e+01,1.73e+01,
1084,1.79e+01,1.73e+01,
1085,1.78e+01,1.72e+01,
1086,1.79e+01,1.73e+01,
1087,1.78e+01,1.73e+01,
1088,1.79e+01,1.73e+01,
1089,1.78e+01,1.73e+01,
1090,1.79e+01,1.73e+01,
1091,1.79e+01,1.73e+01,
1092,1.79e+01,1.73e+01,
1093,1.78e+01,1.73e+01,
1094,1.79e+01,1.74e+01,
1095,1.79e+01,1.74e+01,
1096,1.79e+01,1.74e+01,
1097,1.78e+01,1.73e+01,
1098,1.79e+01,1.74e+01,
1099,1.79e+01,1.74e+01,
1100,1.79e+01,1.74e+01,
1101,1.78e+01,1.74e+01,
1102,1.79e+01,1.74e+01,
1103,1.79e+01,1.74e+01,
1104,1.79e+01,1.74e+01,
1105,1.78e+01,1.74e+01,
1106,1.79e+01,1.74e+01,
1107,1.79e+01,1.74e+01,
1108,1.79e+01,1.74e+01,
1109,1.78e+01,1.74e+01,
1110,1.79e+01,1.75e+01,
1111,1.79e+01,1.75e+01,
1112,1.79e+01,1.75e+01,
1113,1.78e+01,1.74e+01,
1114,1.79e+01,1.75e+01,
1115,1.79e+01,1.75e+01,
1116,1.79e+01,1.75e+01,
1117,1.78e+01,1.75e+01,
1118,1.79e+01,1.75e+01,
1119,1.79e+01,1.75e+01,
1120,1.79e+01,1.75e+01,
1121,1.78e+01,1.75e+01,
1122,1.79e+01,1.76e+01,
1123,1.79e+01,1.75e+01,
1124,1.79e+01,1.76e+01,
1125,1.78e+01,1.75e+01,
1126,1.79e+01,1.76e+01,
1127,1.79e+01,1.76e+01,
1128,1.79e+01,1.76e+01,
1129,1.79e+01,1.75e+01,
1130,1.79e+01,1.76e+01,
1131,1.79e+01,1.76e+01,
1132,1.79e+01,1.76e+01,
1133,1.78e+01,1.75e+01,
1134,1.79e+01,1.76e+01,
1135,1.79e+01,1.76e+01,
1136,1.79e+01,1.76e+01,
1137,1.79e+01,1.76e+01,
1138,1.79e+01,1.76e+01,
1139,1.79e+01,1.76e+01,
1140,1.79e+01,1.76e+01,
1141,1.79e+01,1.76e+01,
1142,1.79e+01,1.77e+01,
1143,1.79e+01,1.77e+01,
1144,1.79e+01,1.77e+01,
1145,1.79e+01,1.76e+01,
1146,1.79e+01,1.77e+01,
1147,1.79e+01,1.77e+01,
1148,1.79e+01,1.77e+01,
1149,1.79e+01,1.77e+01,
1150,1.79e+01,1.77e+01,
1151,1.79e+01,1.77e+01,
1152,1.79e+01,1.77e+01,
1153,1.79e+01,1.76e+01,
1154,1.79e+01,1.77e+01,
1155,1.79e+01,1.77e+01,
1156,1.79e+01,1.77e+01,
1157,1.79e+01,1.77e+01,
1158,1.79e+01,1.77e+01,
1159,1.79e+01,1.77e+01,
1160,1.79e+01,1.77e+01,
1161,1.79e+01,1.77e+01,
1162,1.79e+01,1.77e+01,
1163,1.79e+01,1.77e+01,
1164,1.79e+01,1.77e+01,
1165,1.79e+01,1.77e+01,
1166,1.79e+01,1.78e+01,
1167,1.79e+01,1.77e+01,
1168,1.79e+01,1.78e+01,
1169,1.79e+01,1.77e+01,
1170,1.79e+01,1.78e+01,
1171,1.79e+01,1.78e+01,
1172,1.79e+01,1.78e+01,
1173,1.79e+01,1.77e+01,
1174,1.79e+01,1.78e+01,
1175,1.79e+01,1.78e+01,
1176,1.79e+01,1.78e+01,
1177,1.79e+01,1.77e+01,
1178,1.79e+01,1.78e+01,
1179,1.79e+01,1.78e+01,
1180,1.79e+01,1.78e+01,
1181,1.79e+01,1.77e+01,
1182,1.79e+01,1.78e+01,
1183,1.79e+01,1.78e+01,
1184,1.79e+01,1.78e+01,
1185,1.79e+01,1.78e+01,
1186,1.79e+01,1.78e+01,
1187,1.79e+01,1.78e+01,
1188,1.79e+01,1.78e+01,
1189,1.79e+01,1.78e+01,
1190,1.79e+01,1.78e+01,
1191,1.79e+01,1.78e+01,
1192,1.79e+01,1.78e+01,
1193,1.79e+01,1.78e+01,
1194,1.79e+01,1.78e+01,
1195,1.79e+01,1.78e+01,
1196,1.79e+01,1.78e+01,
1197,1.79e+01,1.78e+01,
1198,1.79e+01,1.78e+01,
1199,1.79e+01,1.79e+01,
1200,1.79e+01,1.78e+01,
1201,1.79e+01,1.78e+01,
1202,1.79e+01,1.79e+01,
1203,1.79e+01,1.78e+01,
1204,1.79e+01,1.79e+01,
1205,1.79e+01,1.78e+01,
1206,1.79e+01,1.79e+01,
1207,1.79e+01,1.79e+01,
1208,1.79e+01,1.79e+01,
1209,1.79e+01,1.78e+01,
1210,1.79e+01,1.79e+01,
1211,1.79e+01,1.79e+01,
1212,1.79e+01,1.79e+01,
1213,1.78e+01,1.78e+01,
1214,1.79e+01,1.79e+01,
1215,1.79e+01,1.79e+01,
1216,1.79e+01,1.79e+01,
1217,1.79e+01,1.78e+01,
1218,1.79e+01,1.79e+01,
1219,1.79e+01,1.79e+01,
1220,1.79e+01,1.79e+01,
1221,1.78e+01,1.78e+01,
1222,1.79e+01,1.79e+01,
1223,1.79e+01,1.79e+01,
1224,1.79e+01,1.79e+01,
1225,1.79e+01,1.79e+01,
1226,1.79e+01,1.79e+01,
1227,1.79e+01,1.79e+01,
1228,1.79e+01,1.79e+01,
1229,1.78e+01,1.78e+01,
1230,1.80e+01,1.80e+01,
1231,1.78e+01,1.79e+01,
1232,1.79e+01,1.79e+01,
1233,1.79e+01,1.79e+01,
1234,1.78e+01,1.79e+01,
1235,1.79e+01,1.80e+01,
1236,1.79e+01,1.79e+01,
1237,1.79e+01,1.79e+01,
1238,1.79e+01,1.79e+01,
1239,1.79e+01,1.79e+01,
1240,1.79e+01,1.79e+01,
1241,1.78e+01,1.79e+01,
1242,1.79e+01,1.79e+01,
1243,1.79e+01,1.79e+01,
1244,1.79e+01,1.79e+01,
1245,1.78e+01,1.79e+01,
1246,1.79e+01,1.79e+01,
1247,1.79e+01,1.79e+01,
1248,1.79e+01,1.79e+01,
1249,1.79e+01,1.79e+01,
1250,1.79e+01,1.79e+01,
1251,1.79e+01,1.79e+01,
1252,1.79e+01,1.79e+01,
1253,1.78e+01,1.79e+01,
1254,1.79e+01,1.79e+01,
1255,1.79e+01,1.79e+01,
1256,1.79e+01,1.79e+01,
1257,1.78e+01,1.79e+01,
1258,1.79e+01,1.79e+01,
1259,1.79e+01,1.79e+01,
1260,1.79e+01,1.79e+01,
1261,1.78e+01,1.79e+01,
1262,1.79e+01,1.80e+01,
1263,1.79e+01,1.79e+01,
1264,1.79e+01,1.80e+01,
1265,1.78e+01,1.79e+01,
1266,1.79e+01,1.79e+01,
1267,1.79e+01,1.79e+01,
1268,1.79e+01,1.79e+01,
1269,1.78e+01,1.79e+01,
1270,1.79e+01,1.79e+01,
1271,1.79e+01,1.80e+01,
1272,1.79e+01,1.80e+01,
1273,1.78e+01,1.79e+01,
1274,1.79e+01,1.80e+01,
1275,1.79e+01,1.79e+01,
1276,1.79e+01,1.80e+01,
1277,1.78e+01,1.79e+01,
1278,1.79e+01,1.80e+01,
1279,1.79e+01,1.80e+01,
1280,1.79e+01,1.80e+01,
1281,1.78e+01,1.79e+01,
1282,1.79e+01,1.80e+01,
1283,1.79e+01,1.80e+01,
1284,1.79e+01,1.80e+01,
1285,1.78e+01,1.79e+01,
1286,1.79e+01,1.80e+01,
1287,1.79e+01,1.80e+01,
1288,1.79e+01,1.80e+01,
1289,1.78e+01,1.79e+01,
1290,1.79e+01,1.80e+01,
1291,1.79e+01,1.80e+01,
1292,1.79e+01,1.80e+01,
1293,1.78e+01,1.79e+01,
1294,1.79e+01,1.80e+01,
1295,1.79e+01,1.80e+01,
1296,1.79e+01,1.80e+01,
1297,1.78e+01,1.79e+01,
1298,1.79e+01,1.80e+01,
1299,1.79e+01,1.80e+01,
1300,1.79e+01,1.80e+01,
1301,1.78e+01,1.79e+01,
1302,1.79e+01,1.80e+01,
1303,1.79e+01,1.80e+01,
1304,1.79e+01,1.80e+01,
1305,1.78e+01,1.79e+01,
1306,1.79e+01,1.80e+01,
1307,1.79e+01,1.80e+01,
1308,1.79e+01,1.80e+01,
1309,1.78e+01,1.79e+01,
1310,1.79e+01,1.80e+01,
1311,1.79e+01,1.80e+01,
1312,1.79e+01,1.80e+01,
1313,1.78e+01,1.79e+01,
1314,1.79e+01,1.80e+01,
1315,1.79e+01,1.80e+01,
1316,1.79e+01,1.80e+01,
1317,1.78e+01,1.79e+01,
1318,1.79e+01,1.80e+01,
1319,1.79e+01,1.80e+01,
1320,1.79e+01,1.80e+01,
1321,1.78e+01,1.79e+01,
1322,1.79e+01,1.80e+01,
1323,1.79e+01,1.80e+01,
1324,1.79e+01,1.80e+01,
1325,1.78e+01,1.79e+01,
1326,1.79e+01,1.80e+01,
1327,1.79e+01,1.80e+01,
1328,1.79e+01,1.80e+01,
1329,1.78e+01,1.79e+01,
1330,1.79e+01,1.80e+01,
1331,1.79e+01,1.80e+01,
1332,1.79e+01,1.80e+01,
1333,1.78e+01,1.79e+01,
1334,1.79e+01,1.80e+01,
1335,1.79e+01,1.80e+01,
1336,1.79e+01,1.80e+01,
1337,1.78e+01,1.79e+01,
1338,1.79e+01,1.80e+01,
1339,1.79e+01,1.80e+01,
1340,1.79e+01,1.80e+01,
1341,1.78e+01,1.79e+01,
1342,1.79e+01,1.80e+01,
1343,1.79e+01,1.80e+01,
1344,1.79e+01,1.80e+01,
1345,1.78e+01,1.79e+01,
1346,1.79e+01,1.80e+01,
1347,1.79e+01,1.80e+01,
1348,1.79e+01,1.80e+01,
1349,1.78e+01,1.79e+01,
1350,1.79e+01,1.80e+01,
1351,1.79e+01,1.80e+01,
1352,1.79e+01,1.80e+01,
1353,1.78e+01,1.79e+01,
1354,1.79e+01,1.80e+01,
1355,1.78e+01,1.80e+01,
1356,1.79e+01,1.80e+01,
1357,1.78e+01,1.79e+01,
1358,1.79e+01,1.80e+01,
1359,1.79e+01,1.80e+01,
1360,1.79e+01,1.80e+01,
1361,1.78e+01,1.79e+01,
1362,1.79e+01,1.80e+01,
1363,1.78e+01,1.80e+01,
1364,1.79e+01,1.80e+01,
1365,1.78e+01,1.79e+01,
1366,1.79e+01,1.80e+01,
1367,1.78e+01,1.80e+01,
1368,1.79e+01,1.80e+01,
1369,1.78e+01,1.80e+01,
1370,1.79e+01,1.80e+01,
1371,1.78e+01,1.80e+01,
1372,1.79e+01,1.80e+01,
1373,1.78e+01,1.79e+01,
1374,1.79e+01,1.80e+01,
1375,1.78e+01,1.80e+01,
1376,1.79e+01,1.80e+01,
1377,1.78e+01,1.79e+01,
1378,1.79e+01,1.80e+01,
1379,1.79e+01,1.80e+01,
1380,1.79e+01,1.80e+01,
1381,1.78e+01,1.79e+01,
1382,1.79e+01,1.80e+01,
1383,1.78e+01,1.80e+01,
1384,1.79e+01,1.80e+01,
1385,1.78e+01,1.79e+01,
1386,1.79e+01,1.80e+01,
1387,1.78e+01,1.80e+01,
1388,1.78e+01,1.80e+01,
1389,1.78e+01,1.80e+01,
1390,1.78e+01,1.80e+01,
1391,1.78e+01,1.80e+01,
1392,1.79e+01,1.80e+01,
1393,1.78e+01,1.79e+01,
1394,1.79e+01,1.80e+01,
1395,1.78e+01,1.80e+01,
1396,1.78e+01,1.80e+01,
1397,1.78e+01,1.79e+01,
1398,1.78e+01,1.80e+01,
1399,1.78e+01,1.80e+01,
1400,1.79e+01,1.80e+01,
1401,1.78e+01,1.79e+01,
1402,1.79e+01,1.80e+01,
1403,1.78e+01,1.80e+01,
1404,1.79e+01,1.80e+01,
1405,1.78e+01,1.79e+01,
1406,1.79e+01,1.80e+01,
1407,1.78e+01,1.80e+01,
1408,1.78e+01,1.80e+01,
1409,1.78e+01,1.79e+01,
1410,1.79e+01,1.80e+01,
1411,1.78e+01,1.80e+01,
1412,1.79e+01,1.80e+01,
1413,1.78e+01,1.79e+01,
1414,1.79e+01,1.80e+01,
1415,1.78e+01,1.80e+01,
1416,1.78e+01,1.80e+01,
1417,1.78e+01,1.79e+01,
1418,1.79e+01,1.80e+01,
1419,1.78e+01,1.80e+01,
1420,1.78e+01,1.80e+01,
1421,1.78e+01,1.79e+01,
1422,1.79e+01,1.80e+01,
1423,1.78e+01,1.80e+01,
1424,1.79e+01,1.80e+01,
1425,1.78e+01,1.79e+01,
1426,1.78e+01,1.80e+01,
1427,1.78e+01,1.80e+01,
1428,1.78e+01,1.80e+01,
1429,1.78e+01,1.79e+01,
1430,1.79e+01,1.80e+01,
1431,1.78e+01,1.79e+01,
1432,1.79e+01,1.80e+01,
1433,1.78e+01,1.80e+01,
1434,1.78e+01,1.79e+01,
1435,1.79e+01,1.80e+01,
1436,1.78e+01,1.79e+01,
1437,1.78e+01,1.79e+01,
1438,1.79e+01,1.80e+01,
1439,1.78e+01,1.80e+01,
1440,1.79e+01,1.80e+01,
1441,1.78e+01,1.79e+01,
1442,1.78e+01,1.80e+01,
1443,1.78e+01,1.80e+01,
1444,1.79e+01,1.80e+01,
1445,1.78e+01,1.79e+01,
1446,1.78e+01,1.80e+01,
1447,1.78e+01,1.80e+01,
1448,1.78e+01,1.80e+01,
1449,1.78e+01,1.80e+01,
1450,1.78e+01,1.80e+01,
1451,1.78e+01,1.80e+01,
1452,1.79e+01,1.80e+01,
1453,1.78e+01,1.79e+01,
1454,1.79e+01,1.80e+01,
1455,1.78e+01,1.80e+01,
1456,1.78e+01,1.80e+01,
1457,1.78e+01,1.79e+01,
1458,1.78e+01,1.80e+01,
1459,1.78e+01,1.80e+01,
1460,1.78e+01,1.80e+01,
1461,1.78e+01,1.79e+01,
1462,1.79e+01,1.80e+01,
1463,1.78e+01,1.80e+01,
1464,1.79e+01,1.80e+01,
1465,1.78e+01,1.79e+01,
1466,1.78e+01,1.80e+01,
1467,1.78e+01,1.80e+01,
1468,1.78e+01,1.80e+01,
1469,1.78e+01,1.80e+01,
1470,1.78e+01,1.80e+01,
1471,1.78e+01,1.80e+01,
1472,1.79e+01,1.80e+01,
1473,1.78e+01,1.79e+01,
1474,1.79e+01,1.80e+01,
1475,1.78e+01,1.80e+01,
1476,1.78e+01,1.80e+01,
1477,1.78e+01,1.79e+01,
1478,1.79e+01,1.80e+01,
1479,1.78e+01,1.80e+01,
1480,1.78e+01,1.80e+01,
1481,1.78e+01,1.79e+01,
1482,1.79e+01,1.80e+01,
1483,1.78e+01,1.80e+01,
1484,1.79e+01,1.80e+01,
1485,1.78e+01,1.79e+01,
1486,1.79e+01,1.80e+01,
1487,1.78e+01,1.80e+01,
1488,1.78e+01,1.80e+01,
1489,1.78e+01,1.79e+01,
1490,1.78e+01,1.80e+01,
1491,1.78e+01,1.80e+01,
1492,1.79e+01,1.80e+01,
1493,1.78e+01,1.79e+01,
1494,1.79e+01,1.80e+01,
1495,1.78e+01,1.80e+01,
1496,1.79e+01,1.80e+01,
1497,1.78e+01,1.79e+01,
1498,1.78e+01,1.80e+01,
1499,1.78e+01,1.80e+01,
1500,1.78e+01,1.80e+01,
1501,1.78e+01,1.79e+01,
1502,1.78e+01,1.80e+01,
1503,1.78e+01,1.80e+01,
1504,1.79e+01,1.80e+01,
1505,1.78e+01,1.79e+01,
1506,1.78e+01,1.80e+01,
1507,1.78e+01,1.80e+01,
1508,1.78e+01,1.80e+01,
1509,1.78e+01,1.79e+01,
1510,1.78e+01,1.80e+01,
1511,1.78e+01,1.80e+01,
1512,1.79e+01,1.80e+01,
1513,1.78e+01,1.79e+01,
1514,1.79e+01,1.80e+01,
1515,1.78e+01,1.80e+01,
1516,1.78e+01,1.80e+01,
1517,1.78e+01,1.79e+01,
1518,1.78e+01,1.80e+01,
1519,1.78e+01,1.80e+01,
1520,1.78e+01,1.80e+01,
1521,1.78e+01,1.79e+01,
1522,1.79e+01,1.80e+01,
1523,1.78e+01,1.80e+01,
1524,1.79e+01,1.80e+01,
1525,1.78e+01,1.79e+01,
1526,1.78e+01,1.80e+01,
1527,1.78e+01,1.80e+01,
1528,1.78e+01,1.80e+01,
1529,1.78e+01,1.79e+01,
1530,1.78e+01,1.80e+01,
1531,1.78e+01,1.80e+01,
1532,1.78e+01,1.80e+01,
1533,1.78e+01,1.79e+01,
1534,1.79e+01,1.80e+01,
1535,1.78e+01,1.80e+01,
1536,1.78e+01,1.80e+01,
1537,1.78e+01,1.79e+01,
1538,1.78e+01,1.80e+01,
1539,1.78e+01,1.80e+01,
1540,1.78e+01,1.80e+01,
1541,1.78e+01,1.79e+01,
1542,1.78e+01,1.80e+01,
1543,1.78e+01,1.80e+01,
1544,1.78e+01,1.80e+01,
1545,1.78e+01,1.79e+01,
1546,1.78e+01,1.80e+01,
1547,1.78e+01,1.80e+01,
1548,1.78e+01,1.80e+01,
1549,1.78e+01,1.79e+01,
1550,1.78e+01,1.80e+01,
1551,1.78e+01,1.80e+01,
1552,1.78e+01,1.80e+01,
1553,1.78e+01,1.79e+01,
1554,1.78e+01,1.80e+01,
1555,1.78e+01,1.80e+01,
1556,1.78e+01,1.80e+01,
1557,1.78e+01,1.79e+01,
1558,1.78e+01,1.80e+01,
1559,1.78e+01,1.80e+01,
1560,1.78e+01,1.80e+01,
1561,1.78e+01,1.79e+01,
1562,1.78e+01,1.80e+01,
1563,1.78e+01,1.80e+01,
1564,1.78e+01,1.80e+01,
1565,1.78e+01,1.79e+01,
1566,1.78e+01,1.80e+01,
1567,1.78e+01,1.80e+01,
1568,1.78e+01,1.80e+01,
1569,1.78e+01,1.79e+01,
1570,1.78e+01,1.80e+01,
1571,1.78e+01,1.80e+01,
1572,1.78e+01,1.80e+01,
1573,1.78e+01,1.79e+01,
1574,1.78e+01,1.80e+01,
1575,1.78e+01,1.80e+01,
1576,1.78e+01,1.80e+01,
1577,1.78e+01,1.79e+01,
1578,1.78e+01,1.80e+01,
1579,1.78e+01,1.80e+01,
1580,1.78e+01,1.80e+01,
1581,1.78e+01,1.79e+01,
1582,1.79e+01,1.80e+01,
1583,1.78e+01,1.80e+01,
1584,1.79e+01,1.80e+01,
1585,1.78e+01,1.79e+01,
1586,1.78e+01,1.80e+01,
1587,1.78e+01,1.80e+01,
1588,1.78e+01,1.80e+01,
1589,1.78e+01,1.79e+01,
1590,1.78e+01,1.80e+01,
1591,1.78e+01,1.80e+01,
1592,1.79e+01,1.80e+01,
1593,1.78e+01,1.79e+01,
1594,1.79e+01,1.80e+01,
1595,1.78e+01,1.80e+01,
1596,1.78e+01,1.80e+01,
1597,1.78e+01,1.79e+01,
1598,1.78e+01,1.80e+01,
1599,1.78e+01,1.80e+01,
1600,1.78e+01,1.80e+01,
1601,1.78e+01,1.79e+01,
1602,1.78e+01,1.80e+01,
1603,1.78e+01,1.80e+01,
1604,1.79e+01,1.80e+01,
1605,1.78e+01,1.79e+01,
1606,1.78e+01,1.80e+01,
1607,1.78e+01,1.80e+01,
1608,1.78e+01,1.80e+01,
1609,1.78e+01,1.79e+01,
1610,1.78e+01,1.80e+01,
1611,1.78e+01,1.80e+01,
1612,1.78e+01,1.80e+01,
1613,1.78e+01,1.79e+01,
1614,1.78e+01,1.80e+01,
1615,1.78e+01,1.80e+01,
1616,1.78e+01,1.80e+01,
1617,1.78e+01,1.79e+01,
1618,1.78e+01,1.80e+01,
1619,1.78e+01,1.80e+01,
1620,1.78e+01,1.80e+01,
1621,1.78e+01,1.79e+01,
1622,1.79e+01,1.80e+01,
1623,1.78e+01,1.79e+01,
1624,1.78e+01,1.80e+01,
1625,1.78e+01,1.79e+01,
1626,1.78e+01,1.80e+01,
1627,1.78e+01,1.80e+01,
1628,1.78e+01,1.80e+01,
1629,1.78e+01,1.79e+01,
1630,1.79e+01,1.80e+01,
1631,1.78e+01,1.79e+01,
1632,1.78e+01,1.80e+01,
1633,1.78e+01,1.80e+01,
1634,1.78e+01,1.79e+01,
1635,1.79e+01,1.80e+01,
1636,1.78e+01,1.79e+01,
1637,1.78e+01,1.79e+01,
1638,1.78e+01,1.80e+01,
1639,1.78e+01,1.80e+01,
1640,1.79e+01,1.80e+01,
1641,1.78e+01,1.79e+01,
1642,1.78e+01,1.80e+01,
1643,1.78e+01,1.80e+01,
1644,1.78e+01,1.80e+01,
1645,1.78e+01,1.79e+01,
1646,1.78e+01,1.80e+01,
1647,1.78e+01,1.80e+01,
1648,1.78e+01,1.80e+01,
1649,1.78e+01,1.79e+01,
1650,1.78e+01,1.80e+01,
1651,1.78e+01,1.80e+01,
1652,1.78e+01,1.80e+01,
1653,1.78e+01,1.79e+01,
1654,1.78e+01,1.80e+01,
1655,1.78e+01,1.80e+01,
1656,1.78e+01,1.80e+01,
1657,1.78e+01,1.79e+01,
1658,1.78e+01,1.80e+01,
1659,1.78e+01,1.80e+01,
1660,1.78e+01,1.80e+01,
1661,1.78e+01,1.79e+01,
1662,1.78e+01,1.80e+01,
1663,1.78e+01,1.80e+01,
1664,1.78e+01,1.80e+01,
1665,1.78e+01,1.79e+01,
1666,1.78e+01,1.80e+01,
1667,1.78e+01,1.80e+01,
1668,1.78e+01,1.80e+01,
1669,1.78e+01,1.79e+01,
1670,1.78e+01,1.80e+01,
1671,1.78e+01,1.80e+01,
1672,1.78e+01,1.80e+01,
1673,1.78e+01,1.79e+01,
1674,1.79e+01,1.80e+01,
1675,1.78e+01,1.80e+01,
1676,1.78e+01,1.80e+01,
1677,1.78e+01,1.79e+01,
1678,1.78e+01,1.80e+01,
1679,1.78e+01,1.80e+01,
1680,1.78e+01,1.80e+01,
1681,1.78e+01,1.79e+01,
1682,1.78e+01,1.80e+01,
1683,1.78e+01,1.80e+01,
1684,1.78e+01,1.80e+01,
1685,1.78e+01,1.79e+01,
1686,1.78e+01,1.80e+01,
1687,1.78e+01,1.80e+01,
1688,1.78e+01,1.80e+01,
1689,1.78e+01,1.79e+01,
1690,1.78e+01,1.80e+01,
1691,1.78e+01,1.80e+01,
1692,1.78e+01,1.80e+01,
1693,1.78e+01,1.79e+01,
1694,1.78e+01,1.80e+01,
1695,1.78e+01,1.80e+01,
1696,1.78e+01,1.80e+01,
1697,1.78e+01,1.79e+01,
1698,1.78e+01,1.80e+01,
1699,1.78e+01,1.80e+01,
1700,1.78e+01,1.80e+01,
1701,1.78e+01,1.79e+01,
1702,1.78e+01,1.80e+01,
1703,1.78e+01,1.80e+01,
1704,1.78e+01,1.80e+01,
1705,1.78e+01,1.79e+01,
1706,1.78e+01,1.80e+01,
1707,1.78e+01,1.80e+01,
1708,1.78e+01,1.80e+01,
1709,1.78e+01,1.79e+01,
1710,1.78e+01,1.80e+01,
1711,1.78e+01,1.80e+01,
1712,1.78e+01,1.80e+01,
1713,1.78e+01,1.79e+01,
1714,1.78e+01,1.80e+01,
1715,1.78e+01,1.80e+01,
1716,1.78e+01,1.80e+01,
1717,1.78e+01,1.79e+01,
1718,1.78e+01,1.80e+01,
1719,1.78e+01,1.80e+01,
1720,1.78e+01,1.80e+01,
1721,1.78e+01,1.79e+01,
1722,1.78e+01,1.80e+01,
1723,1.78e+01,1.80e+01,
1724,1.78e+01,1.80e+01,
1725,1.78e+01,1.79e+01,
1726,1.78e+01,1.80e+01,
1727,1.78e+01,1.80e+01,
1728,1.78e+01,1.80e+01,
1729,1.78e+01,1.79e+01,
1730,1.78e+01,1.79e+01,
1731,1.78e+01,1.80e+01,
1732,1.78e+01,1.80e+01,
1733,1.78e+01,1.79e+01,
1734,1.78e+01,1.80e+01,
1735,1.78e+01,1.80e+01,
1736,1.78e+01,1.80e+01,
1737,1.78e+01,1.79e+01,
1738,1.78e+01,1.80e+01,
1739,1.78e+01,1.80e+01,
1740,1.78e+01,1.80e+01,
1741,1.78e+01,1.79e+01,
1742,1.78e+01,1.80e+01,
1743,1.78e+01,1.80e+01,
1744,1.78e+01,1.80e+01,
1745,1.78e+01,1.79e+01,
1746,1.78e+01,1.80e+01,
1747,1.78e+01,1.80e+01,
1748,1.78e+01,1.80e+01,
1749,1.78e+01,1.79e+01,
1750,1.78e+01,1.80e+01,
1751,1.78e+01,1.80e+01,
1752,1.78e+01,1.80e+01,
1753,1.78e+01,1.79e+01,
1754,1.78e+01,1.80e+01,
1755,1.78e+01,1.80e+01,
1756,1.78e+01,1.80e+01,
1757,1.78e+01,1.79e+01,
1758,1.78e+01,1.80e+01,
1759,1.78e+01,1.80e+01,
1760,1.78e+01,1.80e+01,
1761,1.78e+01,1.79e+01,
1762,1.78e+01,1.80e+01,
1763,1.78e+01,1.80e+01,
1764,1.78e+01,1.80e+01,
1765,1.78e+01,1.79e+01,
1766,1.78e+01,1.80e+01,
1767,1.78e+01,1.80e+01,
1768,1.78e+01,1.80e+01,
1769,1.78e+01,1.79e+01,
1770,1.78e+01,1.80e+01,
1771,1.78e+01,1.80e+01,
1772,1.78e+01,1.80e+01,
1773,1.78e+01,1.79e+01,
1774,1.78e+01,1.80e+01,
1775,1.78e+01,1.80e+01,
1776,1.78e+01,1.80e+01,
1777,1.78e+01,1.79e+01,
1778,1.78e+01,1.80e+01,
1779,1.78e+01,1.80e+01,
1780,1.78e+01,1.80e+01,
1781,1.78e+01,1.79e+01,
1782,1.78e+01,1.80e+01,
1783,1.78e+01,1.80e+01,
1784,1.78e+01,1.80e+01,
1785,1.78e+01,1.79e+01,
1786,1.78e+01,1.80e+01,
1787,1.78e+01,1.80e+01,
1788,1.78e+01,1.80e+01,
1789,1.78e+01,1.79e+01,
1790,1.78e+01,1.80e+01,
1791,1.78e+01,1.80e+01,
1792,1.78e+01,1.80e+01,
1793,1.78e+01,1.79e+01,
1794,1.78e+01,1.80e+01,
1795,1.78e+01,1.80e+01,
1796,1.78e+01,1.80e+01,
1797,1.78e+01,1.79e+01,
1798,1.78e+01,1.80e+01,
1799,1.78e+01,1.80e+01,
1800,1.78e+01,1.79e+01,
1801,1.78e+01,1.79e+01,
1802,1.78e+01,1.80e+01,
1803,1.78e+01,1.80e+01,
1804,1.78e+01,1.80e+01,
1805,1.78e+01,1.79e+01,
1806,1.78e+01,1.80e+01,
1807,1.78e+01,1.80e+01,
1808,1.78e+01,1.79e+01,
1809,1.78e+01,1.79e+01,
1810,1.78e+01,1.80e+01,
1811,1.78e+01,1.80e+01,
1812,1.79e+01,1.80e+01,
1813,1.78e+01,1.79e+01,
1814,1.78e+01,1.80e+01,
1815,1.78e+01,1.80e+01,
1816,1.78e+01,1.80e+01,
1817,1.78e+01,1.79e+01,
1818,1.78e+01,1.80e+01,
1819,1.78e+01,1.80e+01,
1820,1.78e+01,1.80e+01,
1821,1.78e+01,1.79e+01,
1822,1.79e+01,1.80e+01,
1823,1.78e+01,1.79e+01,
1824,1.78e+01,1.80e+01,
1825,1.78e+01,1.79e+01,
1826,1.78e+01,1.80e+01,
1827,1.78e+01,1.80e+01,
1828,1.78e+01,1.79e+01,
1829,1.78e+01,1.79e+01,
1830,1.79e+01,1.80e+01,
1831,1.78e+01,1.79e+01,
1832,1.78e+01,1.80e+01,
1833,1.78e+01,1.79e+01,
1834,1.78e+01,1.79e+01,
1835,1.79e+01,1.80e+01,
1836,1.78e+01,1.79e+01,
1837,1.78e+01,1.79e+01,
1838,1.78e+01,1.80e+01,
1839,1.78e+01,1.80e+01,
1840,1.78e+01,1.80e+01,
1841,1.78e+01,1.79e+01,
1842,1.78e+01,1.80e+01,
1843,1.78e+01,1.80e+01,
1844,1.78e+01,1.80e+01,
1845,1.78e+01,1.79e+01,
1846,1.78e+01,1.80e+01,
1847,1.78e+01,1.80e+01,
1848,1.78e+01,1.79e+01,
1849,1.78e+01,1.79e+01,
1850,1.78e+01,1.80e+01,
1851,1.78e+01,1.80e+01,
1852,1.78e+01,1.80e+01,
1853,1.78e+01,1.79e+01,
1854,1.78e+01,1.80e+01,
1855,1.78e+01,1.80e+01,
1856,1.78e+01,1.80e+01,
1857,1.78e+01,1.79e+01,
1858,1.78e+01,1.80e+01,
1859,1.78e+01,1.80e+01,
1860,1.78e+01,1.80e+01,
1861,1.78e+01,1.79e+01,
1862,1.78e+01,1.80e+01,
1863,1.78e+01,1.80e+01,
1864,1.78e+01,1.80e+01,
1865,1.78e+01,1.79e+01,
1866,1.78e+01,1.80e+01,
1867,1.78e+01,1.80e+01,
1868,1.78e+01,1.80e+01,
1869,1.78e+01,1.79e+01,
1870,1.78e+01,1.79e+01,
1871,1.78e+01,1.80e+01,
1872,1.78e+01,1.80e+01,
1873,1.78e+01,1.79e+01,
1874,1.78e+01,1.80e+01,
1875,1.78e+01,1.80e+01,
1876,1.78e+01,1.80e+01,
1877,1.78e+01,1.79e+01,
1878,1.78e+01,1.80e+01,
1879,1.78e+01,1.80e+01,
1880,1.78e+01,1.80e+01,
1881,1.78e+01,1.79e+01,
1882,1.78e+01,1.80e+01,
1883,1.77e+01,1.79e+01,
1884,1.75e+01,1.79e+01,
1885,1.71e+01,1.78e+01,
1886,1.63e+01,1.77e+01,
1887,1.50e+01,1.76e+01,
1888,1.35e+01,1.74e+01,
1889,1.19e+01,1.72e+01,
1890,1.02e+01,1.71e+01,
1891,8.85e+00,1.71e+01,
1892,7.75e+00,1.71e+01,
1893,7.05e+00,1.69e+01,
1894,6.45e+00,1.69e+01,
1895,6.15e+00,1.68e+01,
1896,5.85e+00,1.67e+01,
1897,5.65e+00,1.65e+01,
1898,5.35e+00,1.65e+01,
1899,5.15e+00,1.63e+01,
1900,4.85e+00,1.62e+01,
1901,4.75e+00,1.61e+01,
1902,4.55e+00,1.59e+01,
1903,4.45e+00,1.58e+01,
1904,4.15e+00,1.56e+01,
1905,4.05e+00,1.55e+01,
1906,3.85e+00,1.54e+01,
1907,3.75e+00,1.52e+01,
1908,3.65e+00,1.51e+01,
1909,3.55e+00,1.49e+01,
1910,3.45e+00,1.48e+01,
1911,3.35e+00,1.46e+01,
1912,3.25e+00,1.45e+01,
1913,3.25e+00,1.44e+01,
1914,2.95e+00,1.43e+01,
1915,2.95e+00,1.41e+01,
1916,2.85e+00,1.39e+01,
1917,2.75e+00,1.38e+01,
1918,2.65e+00,1.37e+01,
1919,2.65e+00,1.36e+01,
1920,2.55e+00,1.34e+01,
1921,2.55e+00,1.33e+01,
1922,2.45e+00,1.32e+01,
1923,2.35e+00,1.31e+01,
1924,2.25e+00,1.29e+01,
1925,2.35e+00,1.27e+01,
1926,2.25e+00,1.26e+01,
1927,2.15e+00,1.25e+01,
1928,2.15e+00,1.24e+01,
1929,2.05e+00,1.23e+01,
1930,2.05e+00,1.22e+01,
1931,2.05e+00,1.21e+01,
1932,1.95e+00,1.19e+01,
1933,1.95e+00,1.17e+01,
1934,1.75e+00,1.16e+01,
1935,1.75e+00,1.15e+01,
1936,1.65e+00,1.14e+01,
1937,1.75e+00,1.13e+01,
1938,1.65e+00,1.12e+01,
1939,1.65e+00,1.11e+01,
1940,1.55e+00,1.09e+01,
1941,1.65e+00,1.08e+01,
1942,1.55e+00,1.07e+01,
1943,1.55e+00,1.06e+01,
1944,1.45e+00,1.05e+01,
1945,1.55e+00,1.04e+01,
1946,1.45e+00,1.03e+01,
1947,1.45e+00,1.02e+01,
1948,1.45e+00,1.01e+01,
1949,1.45e+00,1.00e+01,
1950,1.45e+00,9.80e+00,
1951,1.35e+00,9.70e+00,
1952,1.35e+00,9.60e+00,
1953,1.45e+00,9.60e+00,
1954,1.35e+00,9.50e+00,
1955,1.35e+00,9.40e+00,
1956,1.25e+00,9.30e+00,
1957,1.35e+00,9.20e+00,
1958,1.25e+00,9.10e+00,
1959,1.25e+00,9.00e+00,
1960,1.25e+00,8.80e+00,
1961,1.25e+00,8.80e+00,
1962,1.25e+00,8.70e+00,
1963,1.25e+00,8.60e+00,
1964,1.15e+00,8.50e+00,
1965,1.25e+00,8.40e+00,
1966,1.15e+00,8.40e+00,
1967,1.15e+00,8.30e+00,
1968,1.15e+00,8.20e+00,
1969,1.15e+00,8.10e+00,
1970,1.15e+00,8.00e+00,
1971,1.05e+00,8.00e+00,
1972,1.05e+00,7.80e+00,
1973,1.15e+00,7.70e+00,
1974,1.05e+00,7.60e+00,
1975,1.05e+00,7.60e+00,
1976,9.50e-01,7.50e+00,
1977,1.05e+00,7.40e+00,
1978,9.50e-01,7.40e+00,
1979,9.50e-01,7.30e+00,
1980,9.50e-01,7.20e+00,
1981,1.05e+00,7.20e+00,
1982,9.50e-01,7.10e+00,
1983,9.50e-01,7.00e+00,
1984,8.50e-01,6.80e+00,
1985,9.50e-01,6.80e+00,
1986,8.50e-01,6.70e+00,
1987,9.50e-01,6.70e+00,
1988,8.50e-01,6.60e+00,
1989,9.50e-01,6.60e+00,
1990,8.50e-01,6.50e+00,
1991,8.50e-01,6.40e+00,
1992,8.50e-01,6.40e+00,
1993,9.50e-01,6.30e+00,
1994,7.50e-01,6.20e+00,
1995,8.50e-01,6.20e+00,
1996,7.50e-01,6.10e+00,
1997,8.50e-01,6.10e+00,
1998,7.50e-01,6.00e+00,
1999,7.50e-01,6.00e+00,
2000,7.50e-01,6.00e+00,
2001,8.50e-01,6.00e+00,
2002,7.50e-01,5.80e+00,
2003,7.50e-01,5.80e+00,
2004,7.50e-01,5.80e+00,
2005,8.50e-01,5.80e+00,
2006,7.50e-01,5.80e+00,
2007,7.50e-01,5.80e+00,
2008,7.50e-01,5.80e+00,
2009,8.50e-01,5.80e+00,
2010,7.50e-01,5.80e+00,
2011,7.50e-01,5.80e+00,
2012,7.50e-01,5.80e+00,
2013,8.50e-01,5.80e+00,
2014,7.50e-01,5.80e+00,
2015,7.50e-01,5.80e+00,
2016,7.50e-01,5.80e+00,
2017,8.50e-01,5.80e+00,
2018,7.50e-01,5.80e+00,
2019,7.50e-01,5.80e+00,
2020,7.50e-01,5.80e+00,
2021,8.50e-01,5.80e+00,
2022,7.50e-01,5.80e+00,
2023,8.50e-01,5.80e+00,
2024,7.50e-01,5.80e+00,
2025,8.50e-01,5.80e+00,
2026,7.50e-01,5.80e+00,
2027,7.50e-01,5.80e+00,
2028,7.50e-01,5.80e+00,
2029,8.50e-01,5.80e+00,
2030,7.50e-01,5.80e+00,
2031,8.50e-01,5.80e+00,
2032,7.50e-01,5.80e+00,
2033,8.50e-01,5.80e+00,
2034,8.50e-01,5.80e+00,
2035,7.50e-01,5.70e+00,
2036,7.50e-01,5.80e+00,
2037,8.50e-01,5.80e+00,
2038,7.50e-01,5.80e+00,
2039,8.50e-01,5.80e+00,
2040,7.50e-01,5.80e+00,
2041,8.50e-01,5.80e+00,
2042,7.50e-01,5.80e+00,
2043,8.50e-01,5.80e+00,
2044,7.50e-01,5.80e+00,
2045,8.50e-01,5.80e+00,
2046,7.50e-01,5.70e+00,
2047,8.50e-01,5.70e+00,
2048,7.50e-01,5.70e+00,
2049,8.50e-01,5.70e+00,
2050,7.50e-01,5.70e+00,
2051,8.50e-01,5.70e+00,
2052,7.50e-01,5.70e+00,
2053,8.50e-01,5.70e+00,
2054,7.50e-01,5.70e+00,
2055,7.50e-01,5.70e+00,
2056,7.50e-01,5.60e+00,
2057,8.50e-01,5.60e+00,
2058,7.50e-01,5.60e+00,
2059,7.50e-01,5.50e+00,
2060,7.50e-01,5.50e+00,
2061,7.50e-01,5.40e+00,
2062,5.50e-01,5.20e+00,
2063,5.50e-01,4.80e+00,
2064,4.50e-01,4.20e+00,
2065,4.50e-01,3.80e+00,
2066,2.50e-01,3.30e+00,
2067,2.50e-01,3.00e+00,
2068,2.50e-01,2.90e+00,
2069,2.50e-01,2.70e+00,
2070,2.50e-01,2.70e+00,
2071,2.50e-01,2.90e+00,
2072,2.50e-01,3.10e+00,
2073,3.50e-01,3.40e+00,
2074,3.50e-01,3.60e+00,
2075,4.50e-01,4.10e+00,
2076,4.50e-01,4.40e+00,
2077,5.50e-01,4.60e+00,
2078,5.50e-01,4.80e+00,
2079,5.50e-01,5.00e+00,
2080,5.50e-01,5.00e+00,
2081,7.50e-01,5.00e+00,
2082,5.50e-01,4.70e+00,
2083,5.50e-01,4.60e+00,
2084,4.50e-01,4.30e+00,
2085,5.50e-01,4.10e+00,
2086,3.50e-01,3.60e+00,
2087,3.50e-01,3.20e+00,
2088,2.50e-01,2.60e+00,
2089,2.50e-01,2.30e+00,
2090,1.50e-01,2.00e+00,
2091,5.00e-02,1.70e+00,
2092,5.00e-02,1.70e+00,
2093,1.50e-01,2.00e+00,
2094,1.50e-01,2.10e+00,
2095,2.50e-01,2.40e+00,
2096,2.50e-01,2.70e+00,
2097,3.50e-01,3.20e+00,
2098,3.50e-01,3.30e+00,
2099,3.50e-01,3.40e+00,
2100,3.50e-01,3.50e+00,
2101,4.50e-01,3.50e+00,
2102,3.50e-01,3.40e+00,
2103,3.50e-01,3.30e+00,
2104,2.50e-01,3.10e+00,
2105,3.50e-01,2.90e+00,
2106,1.50e-01,2.40e+00,
2107,1.50e-01,2.00e+00,
2108,5.00e-02,1.60e+00,
2109,5.00e-02,1.30e+00,
2110,-5.00e-02,1.00e+00,
2111,-5.00e-02,9.00e-01,
2112,-5.00e-02,7.00e-01,
2113,5.00e-02,1.00e+00,
2114,5.00e-02,1.20e+00,
2115,5.00e-02,1.50e+00,
2116,5.00e-02,1.70e+00,
2117,2.50e-01,2.20e+00,
2118,1.50e-01,2.30e+00,
2119,2.50e-01,2.50e+00,
2120,2.50e-01,2.50e+00,
2121,2.50e-01,2.60e+00,
2122,1.50e-01,2.50e+00,
2123,2.50e-01,2.40e+00,
2124,1.50e-01,2.20e+00,
2125,2.50e-01,2.00e+00,
2126,5.00e-02,1.60e+00,
2127,5.00e-02,1.30e+00,
2128,-5.00e-02,9.00e-01,
2129,5.00e-02,6.00e-01,
2130,-5.00e-02,4.00e-01,
2131,-5.00e-02,2.00e-01,
2132,-1.50e-01,2.00e-01,
2133,-5.00e-02,4.00e-01,
2134,-5.00e-02,5.00e-01,
2135,5.00e-02,9.00e-01,
2136,5.00e-02,1.20e+00,
2137,1.50e-01,1.50e+00,
2138,5.00e-02,1.60e+00,
2139,1.50e-01,1.70e+00,
2140,1.50e-01,1.90e+00,
2141,2.50e-01,2.00e+00,
2142,1.50e-01,1.90e+00,
2143,1.50e-01,1.70e+00,
2144,5.00e-02,1.50e+00,
2145,1.50e-01,1.40e+00,
2146,5.00e-02,1.10e+00,
2147,-5.00e-02,7.00e-01,
2148,-5.00e-02,4.00e-01,
2149,-5.00e-02,2.00e-01,
2150,-1.50e-01,-1.13e-05,
2151,-1.50e-01,-1.00e-01,
2152,-1.50e-01,-1.00e-01,
2153,-5.00e-02,1.00e-01,
2154,-1.50e-01,2.00e-01,
2155,-5.00e-02,5.00e-01,
2156,-5.00e-02,7.00e-01,
2157,5.00e-02,1.10e+00,
2158,5.00e-02,1.20e+00,
2159,5.00e-02,1.30e+00,
2160,5.00e-02,1.40e+00,
2161,1.50e-01,1.50e+00,
2162,5.00e-02,1.40e+00,
2163,5.00e-02,1.30e+00,
2164,5.00e-02,1.10e+00,
2165,5.00e-02,1.00e+00,
2166,-5.00e-02,6.00e-01,
2167,-5.00e-02,4.00e-01,
2168,-1.50e-01,2.00e-01,
2169,-5.00e-02,-1.13e-05,
2170,-1.50e-01,-3.00e-01,
2171,-1.50e-01,-3.00e-01,
2172,-1.50e-01,-3.00e-01,
2173,-5.00e-02,-1.13e-05,
2174,-1.50e-01,-1.13e-05,
2175,-5.00e-02,3.00e-01,
2176,-5.00e-02,5.00e-01,
2177,5.00e-02,7.00e-01,
2178,5.00e-02,9.00e-01,
2179,5.00e-02,1.00e+00,
2180,5.00e-02,1.10e+00,
2181,1.50e-01,1.20e+00,
2182,5.00e-02,1.10e+00,
2183,5.00e-02,1.00e+00,
2184,-5.00e-02,7.00e-01,
2185,5.00e-02,6.00e-01,
2186,-5.00e-02,4.00e-01,
2187,-5.00e-02,2.00e-01,
2188,-1.50e-01,-1.13e-05,
2189,-5.00e-02,-1.00e-01,
2190,-1.50e-01,-4.00e-01,
2191,-1.50e-01,-4.00e-01,
2192,-1.50e-01,-4.00e-01,
2193,-5.00e-02,-1.00e-01,
2194,-1.50e-01,-1.00e-01,
2195,-5.00e-02,1.00e-01,
2196,-5.00e-02,3.00e-01,
2197,5.00e-02,5.00e-01,
2198,-5.00e-02,6.00e-01,
2199,5.00e-02,7.00e-01,
2200,-5.00e-02,9.00e-01,
2201,5.00e-02,9.00e-01,
2202,-5.00e-02,7.00e-01,
2203,5.00e-02,7.00e-01,
2204,-5.00e-02,5.00e-01,
2205,5.00e-02,4.00e-01,
2206,-5.00e-02,2.00e-01,
2207,-5.00e-02,-1.13e-05,
2208,-1.50e-01,-1.00e-01,
2209,-5.00e-02,-3.00e-01,
2210,-1.50e-01,-5.00e-01,
2211,-1.50e-01,-5.00e-01,
2212,-2.50e-01,-5.00e-01,
2213,-5.00e-02,-3.00e-01,
2214,-1.50e-01,-1.00e-01,
2215,-5.00e-02,-1.13e-05,
2216,-1.50e-01,2.00e-01,
2217,5.00e-02,4.00e-01,
2218,-5.00e-02,5.00e-01,
2219,-5.00e-02,6.00e-01,
2220,-5.00e-02,6.00e-01,
2221,5.00e-02,7.00e-01,
2222,-5.00e-02,5.00e-01,
2223,5.00e-02,5.00e-01,
2224,-5.00e-02,4.00e-01,
2225,5.00e-02,3.00e-01,
2226,-5.00e-02,1.00e-01,
2227,-1.50e-01,-1.00e-01,
2228,-1.50e-01,-3.00e-01,
2229,-5.00e-02,-3.00e-01,
2230,-2.50e-01,-6.00e-01,
2231,-1.50e-01,-4.00e-01,
2232,-2.50e-01,-5.00e-01,
2233,-1.50e-01,-4.00e-01,
2234,-5.00e-02,-1.00e-01,
2235,-1.50e-01,-1.00e-01,
2236,-5.00e-02,2.00e-01,
2237,-5.00e-02,3.00e-01,
2238,-5.00e-02,3.00e-01,
2239,-5.00e-02,5.00e-01,
2240,-5.00e-02,5.00e-01,
2241,5.00e-02,5.00e-01,
2242,-5.00e-02,4.00e-01,
2243,-5.00e-02,4.00e-01,
2244,-5.00e-02,3.00e-01,
2245,-5.00e-02,2.00e-01,
2246,-1.50e-01,-1.13e-05,
2247,-5.00e-02,-1.00e-01,
2248,-1.50e-01,-3.00e-01,
2249,-1.50e-01,-4.00e-01,
2250,-1.50e-01,-5.00e-01,
2251,-1.50e-01,-5.00e-01,
2252,-2.50e-01,-5.00e-01,
2253,-5.00e-02,-3.00e-01,
2254,-1.50e-01,-3.00e-01,
2255,-5.00e-02,-1.13e-05,
2256,-1.50e-01,1.00e-01,
2257,-5.00e-02,3.00e-01,
2258,-5.00e-02,3.00e-01,
2259,-5.00e-02,3.00e-01,
2260,-5.00e-02,4.00e-01,
2261,5.00e-02,4.00e-01,
2262,-5.00e-02,3.00e-01,
2263,-5.00e-02,3.00e-01,
2264,-1.50e-01,2.00e-01,
2265,-5.00e-02,1.00e-01,
2266,-1.50e-01,-1.13e-05,
2267,-1.50e-01,-3.00e-01,
2268,-1.50e-01,-4.00e-01,
2269,-5.00e-02,-4.00e-01,
2270,-1.50e-01,-5.00e-01,
2271,-1.50e-01,-5.00e-01,
2272,-2.50e-01,-5.00e-01,
2273,-5.00e-02,-3.00e-01,
2274,-1.50e-01,-3.00e-01,
2275,-5.00e-02,-1.13e-05,
2276,-1.50e-01,1.00e-01,
2277,-5.00e-02,2.00e-01,
2278,-5.00e-02,2.00e-01,
2279,-5.00e-02,3.00e-01,
2280,-5.00e-02,3.00e-01,
2281,5.00e-02,4.00e-01,
2282,-5.00e-02,3.00e-01,
2283,-5.00e-02,2.00e-01,
2284,-1.50e-01,1.00e-01,
2285,-5.00e-02,1.00e-01,
2286,-1.50e-01,-1.00e-01,
2287,-1.50e-01,-3.00e-01,
2288,-1.50e-01,-4.00e-01,
2289,-5.00e-02,-4.00e-01,
2290,-1.50e-01,-4.00e-01,
2291,-1.50e-01,-4.00e-01,
2292,-1.50e-01,-4.00e-01,
2293,-5.00e-02,-3.00e-01,
2294,-1.50e-01,-3.00e-01,
2295,-5.00e-02,-1.00e-01,
2296,-1.50e-01,-1.13e-05,
2297,-5.00e-02,2.00e-01,
2298,-5.00e-02,2.00e-01,
2299,-5.00e-02,2.00e-01,
2300,-5.00e-02,2.00e-01,
2301,5.00e-02,3.00e-01,
2302,-5.00e-02,2.00e-01,
2303,-5.00e-02,1.00e-01,
2304,-1.50e-01,-1.13e-05,
2305,-5.00e-02,-1.13e-05,
2306,-1.50e-01,-1.00e-01,
2307,-1.50e-01,-3.00e-01,
2308,-1.50e-01,-4.00e-01,
2309,-5.00e-02,-4.00e-01,
2310,-1.50e-01,-4.00e-01,
2311,-1.50e-01,-4.00e-01,
2312,-1.50e-01,-4.00e-01,
2313,-5.00e-02,-1.00e-01,
2314,-1.50e-01,-1.00e-01,
2315,-5.00e-02,-1.00e-01,
2316,-1.50e-01,-1.13e-05,
2317,-5.00e-02,2.00e-01,
2318,-5.00e-02,1.00e-01,
2319,-5.00e-02,2.00e-01,
2320,-5.00e-02,2.00e-01,
2321,5.00e-02,3.00e-01,
2322,-5.00e-02,1.00e-01,
2323,-5.00e-02,1.00e-01,
2324,-1.50e-01,-1.13e-05,
2325,-5.00e-02,-1.13e-05,
2326,-1.50e-01,-1.00e-01,
2327,-1.50e-01,-3.00e-01,
2328,-1.50e-01,-4.00e-01,
2329,-5.00e-02,-3.00e-01,
2330,-1.50e-01,-4.00e-01,
2331,-1.50e-01,-4.00e-01,
2332,-1.50e-01,-4.00e-01,
2333,-5.00e-02,-1.00e-01,
2334,-1.50e-01,-1.00e-01,
2335,-5.00e-02,-1.13e-05,
2336,-1.50e-01,-1.13e-05,
2337,-5.00e-02,1.00e-01,
2338,-5.00e-02,1.00e-01,
2339,-5.00e-02,1.00e-01,
2340,-5.00e-02,1.00e-01,
2341,5.00e-02,2.00e-01,
2342,-5.00e-02,1.00e-01,
2343,-5.00e-02,1.00e-01,
2344,-1.50e-01,-1.13e-05,
2345,-5.00e-02,-1.13e-05,
2346,-1.50e-01,-1.00e-01,
2347,-1.50e-01,-3.00e-01,
2348,-1.50e-01,-3.00e-01,
2349,-5.00e-02,-3.00e-01,
2350,-1.50e-01,-4.00e-01,
2351,-1.50e-01,-4.00e-01,
2352,-1.50e-01,-3.00e-01,
2353,-5.00e-02,-1.00e-01,
2354,-1.50e-01,-1.00e-01,
2355,-5.00e-02,-1.00e-01,
2356,-1.50e-01,-1.13e-05,
2357,-5.00e-02,1.00e-01,
2358,-5.00e-02,1.00e-01,
2359,-5.00e-02,1.00e-01,
2360,-5.00e-02,1.00e-01,
2361,-5.00e-02,2.00e-01,
2362,-5.00e-02,1.00e-01,
2363,-5.00e-02,-1.13e-05,
2364,-1.50e-01,-1.13e-05,
2365,-5.00e-02,-1.13e-05,
2366,-1.50e-01,-1.00e-01,
2367,-5.00e-02,-3.00e-01,
2368,-1.50e-01,-3.00e-01,
2369,-5.00e-02,-3.00e-01,
2370,-1.50e-01,-3.00e-01,
2371,-1.50e-01,-3.00e-01,
2372,-1.50e-01,-3.00e-01,
2373,-5.00e-02,-1.00e-01,
2374,-1.50e-01,-1.00e-01,
2375,-5.00e-02,-1.13e-05,
2376,-1.50e-01,-1.13e-05,
2377,-5.00e-02,1.00e-01,
2378,-5.00e-02,1.00e-01,
2379,-5.00e-02,1.00e-01,
2380,-5.00e-02,1.00e-01,
2381,5.00e-02,2.00e-01,
2382,-5.00e-02,-1.13e-05,
2383,-5.00e-02,-1.13e-05,
2384,-1.50e-01,-1.00e-01,
2385,-5.00e-02,-1.13e-05,
2386,-1.50e-01,-1.00e-01,
2387,-1.50e-01,-3.00e-01,
2388,-1.50e-01,-3.00e-01,
2389,-5.00e-02,-3.00e-01,
2390,-1.50e-01,-3.00e-01,
2391,-1.50e-01,-3.00e-01,
2392,-1.50e-01,-3.00e-01,
2393,-5.00e-02,-1.00e-01,
2394,-1.50e-01,-1.00e-01,
2395,-5.00e-02,-1.13e-05,
2396,-1.50e-01,-1.13e-05,
2397,-5.00e-02,1.00e-01,
2398,-5.00e-02,1.00e-01,
2399,-5.00e-02,1.00e-01,
2400,-5.00e-02,1.00e-01,
2401,-5.00e-02,1.00e-01,
2402,-5.00e-02,-1.13e-05,
2403,-5.00e-02,-1.13e-05,
2404,-1.50e-01,-1.00e-01,
2405,-5.00e-02,-1.13e-05,
2406,-1.50e-01,-1.00e-01,
2407,-5.00e-02,-3.00e-01,
2408,-1.50e-01,-3.00e-01,
2409,-5.00e-02,-3.00e-01,
2410,-1.50e-01,-3.00e-01,
2411,-5.00e-02,-3.00e-01,
2412,-1.50e-01,-3.00e-01,
2413,-5.00e-02,-1.13e-05,
2414,-1.50e-01,-1.00e-01,
2415,-5.00e-02,-1.13e-05,
2416,-1.50e-01,-1.13e-05,
2417,-5.00e-02,1.00e-01,
2418,-5.00e-02,1.00e-01,
2419,-5.00e-02,-1.13e-05,
2420,-5.00e-02,1.00e-01,
2421,5.00e-02,1.00e-01,
2422,-1.50e-01,-1.13e-05,
2423,-5.00e-02,-1.13e-05,
2424,-1.50e-01,-1.00e-01,
2425,-5.00e-02,-1.13e-05,
2426,-1.50e-01,-1.00e-01,
2427,-1.50e-01,-3.00e-01,
2428,-1.50e-01,-3.00e-01,
2429,-5.00e-02,-1.00e-01,
2430,-1.50e-01,-4.00e-01,
2431,-5.00e-02,-1.00e-01,
2432,-1.50e-01,-3.00e-01,
2433,-5.00e-02,-1.00e-01,
2434,-5.00e-02,-1.13e-05,
2435,-1.50e-01,-1.00e-01,
2436,-5.00e-02,-1.13e-05,
2437,-5.00e-02,1.00e-01,
2438,-1.50e-01,-1.13e-05,
2439,-5.00e-02,1.00e-01,
2440,-1.50e-01,-1.13e-05,
2441,-5.00e-02,1.00e-01,
2442,-5.00e-02,-1.13e-05,
2443,-5.00e-02,-1.13e-05,
2444,-1.50e-01,-1.00e-01,
2445,-5.00e-02,-1.13e-05,
2446,-1.50e-01,-1.00e-01,
2447,-5.00e-02,-1.00e-01,
2448,-1.50e-01,-3.00e-01,
2449,-5.00e-02,-1.00e-01,
2450,-1.50e-01,-3.00e-01,
2451,-5.00e-02,-1.00e-01,
2452,-1.50e-01,-3.00e-01,
2453,-5.00e-02,-1.13e-05,
2454,-1.50e-01,-1.00e-01,
2455,-5.00e-02,-1.13e-05,
2456,-1.50e-01,-1.13e-05,
2457,-5.00e-02,1.00e-01,
2458,-5.00e-02,-1.13e-05,
2459,-5.00e-02,-1.13e-05,
2460,-5.00e-02,-1.13e-05,
2461,-5.00e-02,1.00e-01,
2462,-5.00e-02,-1.13e-05,
2463,-5.00e-02,-1.13e-05,
2464,-1.50e-01,-1.00e-01,
2465,-5.00e-02,-1.13e-05,
2466,-1.50e-01,-1.00e-01,
2467,-5.00e-02,-1.00e-01,
2468,-1.50e-01,-3.00e-01,
2469,-5.00e-02,-1.00e-01,
2470,-5.00e-02,-1.00e-01,
2471,-5.00e-02,-1.00e-01,
2472,-1.50e-01,-1.00e-01,
2473,-5.00e-02,-1.13e-05,
2474,-1.50e-01,-1.00e-01,
2475,-5.00e-02,-1.13e-05,
2476,-1.50e-01,-1.13e-05,
2477,-5.00e-02,1.00e-01,
2478,-5.00e-02,-1.13e-05,
2479,-5.00e-02,-1.13e-05,
2480,-5.00e-02,-1.13e-05,
2481,-5.00e-02,1.00e-01,
2482,-1.50e-01,-1.13e-05,
2483,-5.00e-02,-1.13e-05,
2484,-1.50e-01,-1.00e-01,
2485,-5.00e-02,-1.13e-05,
2486,-1.50e-01,-1.00e-01,
2487,-5.00e-02,-1.00e-01,
2488,-1.50e-01,-1.00e-01,
2489,-5.00e-02,-1.00e-01,
2490,-5.00e-02,-1.00e-01,
2491,-5.00e-02,-1.00e-01,
2492,-1.50e-01,-1.00e-01,
2493,-5.00e-02,-1.13e-05,
2494,-1.50e-01,-1.00e-01,
2495,-5.00e-02,-1.13e-05,
2496,-1.50e-01,-1.13e-05,
2497,-5.00e-02,1.00e-01,
2498,-5.00e-02,-1.13e-05,
2499,-5.00e-02,-1.13e-05,
2500,-5.00e-02,-1.13e-05,
2501,-5.00e-02,-1.13e-05,
2502,-1.50e-01,-1.13e-05,
2503,-5.00e-02,-1.13e-05,
2504,-1.50e-01,-1.00e-01,
2505,-5.00e-02,-1.13e-05,
2506,-1.50e-01,-1.00e-01,
2507,-5.00e-02,-1.00e-01,
2508,-1.50e-01,-1.00e-01,
2509,-5.00e-02,-1.00e-01,
2510,-5.00e-02,-1.00e-01,
2511,-5.00e-02,-1.00e-01,
2512,-1.50e-01,-1.00e-01,
2513,-5.00e-02,-1.13e-05,
2514,-1.50e-01,-1.00e-01,
2515,-5.00e-02,-1.13e-05,
2516,-1.50e-01,-1.13e-05,
2517,-5.00e-02,1.00e-01,
2518,-5.00e-02,-1.13e-05,
2519,-5.00e-02,-1.13e-05,
2520,-5.00e-02,-1.13e-05,
2521,-5.00e-02,-1.13e-05,
2522,-5.00e-02,-1.13e-05,
2523,-5.00e-02,-1.00e-01,
2524,-1.50e-01,-1.00e-01,
2525,-5.00e-02,-1.13e-05,
2526,-1.50e-01,-1.00e-01,
2527,-5.00e-02,-1.00e-01,
2528,-1.50e-01,-1.00e-01,
2529,-5.00e-02,-1.00e-01,
2530,-5.00e-02,-1.00e-01,
2531,-5.00e-02,-1.00e-01,
2532,-1.50e-01,-1.00e-01,
2533,-5.00e-02,-1.13e-05,
2534,-1.50e-01,-1.00e-01,
2535,-5.00e-02,-1.13e-05,
2536,-1.50e-01,-1.13e-05,
2537,-5.00e-02,-1.13e-05,
2538,-5.00e-02,-1.13e-05,
2539,-5.00e-02,-1.13e-05,
2540,-5.00e-02,-1.13e-05,
2541,-5.00e-02,-1.13e-05,
2542,-1.50e-01,-1.13e-05,
2543,-5.00e-02,-1.13e-05,
2544,-1.50e-01,-1.00e-01,
2545,-5.00e-02,-1.13e-05,
2546,-1.50e-01,-1.00e-01,
2547,-5.00e-02,-1.00e-01,
2548,-1.50e-01,-1.00e-01,
2549,-5.00e-02,-1.00e-01,
2550,-5.00e-02,-1.00e-01,
2551,-5.00e-02,-1.00e-01,
2552,-1.50e-01,-1.00e-01,
2553,-5.00e-02,-1.13e-05,
2554,-5.00e-02,-1.00e-01,
2555,-5.00e-02,-1.13e-05,
2556,-1.50e-01,-1.13e-05,
2557,-5.00e-02,-1.13e-05,
2558,-5.00e-02,-1.13e-05,
2559,-5.00e-02,-1.13e-05,
2560,-5.00e-02,-1.13e-05,
2561,-5.00e-02,-1.13e-05,
2562,-1.50e-01,-1.00e-01,
2563,-5.00e-02,-1.00e-01,
2564,-1.50e-01,-1.00e-01,
2565,-5.00e-02,-1.13e-05,
2566,-1.50e-01,-1.00e-01,
2567,-5.00e-02,-1.00e-01,
2568,-1.50e-01,-1.00e-01,
2569,-5.00e-02,-1.00e-01,
2570,-5.00e-02,-1.00e-01,
2571,-5.00e-02,-1.00e-01,
2572,-1.50e-01,-1.00e-01,
2573,-5.00e-02,-1.13e-05,
2574,-1.50e-01,-1.00e-01,
2575,-5.00e-02,-1.13e-05,
2576,-1.50e-01,-1.13e-05,
2577,-5.00e-02,-1.13e-05,
2578,-5.00e-02,-1.13e-05,
2579,-5.00e-02,-1.13e-05,
2580,-5.00e-02,-1.13e-05,
2581,-5.00e-02,-1.13e-05,
2582,-1.50e-01,-1.00e-01,
2583,-5.00e-02,-1.13e-05,
2584,-1.50e-01,-1.00e-01,
2585,-5.00e-02,-1.13e-05,
2586,-1.50e-01,-1.00e-01,
2587,-5.00e-02,-1.00e-01,
2588,-1.50e-01,-1.00e-01,
2589,-5.00e-02,-1.00e-01,
2590,-5.00e-02,-1.00e-01,
2591,-5.00e-02,-1.00e-01,
2592,-1.50e-01,-1.00e-01,
2593,-5.00e-02,-1.13e-05,
2594,-1.50e-01,-1.00e-01,
2595,-5.00e-02,-1.13e-05,
2596,-1.50e-01,-1.13e-05,
2597,-5.00e-02,-1.13e-05,
2598,-5.00e-02,-1.13e-05,
2599,-5.00e-02,-1.13e-05,
2600,-1.50e-01,-1.13e-05,
2601,-5.00e-02,-1.13e-05,
2602,-1.50e-01,-1.00e-01,
2603,-5.00e-02,-1.00e-01,
2604,-1.50e-01,-1.00e-01,
2605,-5.00e-02,-1.13e-05,
2606,-1.50e-01,-1.00e-01,
2607,-5.00e-02,-1.00e-01,
2608,-1.50e-01,-1.00e-01,
2609,-5.00e-02,-1.13e-05,
2610,-5.00e-02,-1.00e-01,
2611,-5.00e-02,-1.00e-01,
2612,-1.50e-01,-1.00e-01,
2613,-5.00e-02,-1.13e-05,
2614,-1.50e-01,-1.00e-01,
2615,-5.00e-02,-1.13e-05,
2616,-1.50e-01,-1.13e-05,
2617,-5.00e-02,-1.13e-05,
2618,-5.00e-02,-1.13e-05,
2619,-5.00e-02,-1.13e-05,
2620,-5.00e-02,-1.13e-05,
2621,-5.00e-02,-1.13e-05,
2622,-1.50e-01,-1.00e-01,
2623,-5.00e-02,-1.13e-05,
2624,-1.50e-01,-1.00e-01,
2625,-5.00e-02,-1.13e-05,
2626,-1.50e-01,-1.00e-01,
2627,-5.00e-02,-1.00e-01,
2628,-1.50e-01,-1.00e-01,
2629,-5.00e-02,-1.13e-05,
2630,-1.50e-01,-1.00e-01,
2631,-5.00e-02,-1.13e-05,
2632,-1.50e-01,-1.00e-01,
2633,-5.00e-02,-1.13e-05,
2634,-5.00e-02,-1.13e-05,
2635,-1.50e-01,-1.00e-01,
2636,-5.00e-02,-1.13e-05,
2637,-5.00e-02,-1.13e-05,
2638,-1.50e-01,-1.00e-01,
2639,-5.00e-02,-1.13e-05,
2640,-1.50e-01,-1.13e-05,
2641,-5.00e-02,-1.13e-05,
2642,-5.00e-02,-1.00e-01,
2643,-5.00e-02,-1.00e-01,
2644,-1.50e-01,-1.00e-01,
2645,-5.00e-02,-1.13e-05,
2646,-5.00e-02,-1.00e-01,
2647,-5.00e-02,-1.00e-01,
2648,-1.50e-01,-1.00e-01,
2649,-5.00e-02,-1.13e-05,
2650,-5.00e-02,-1.00e-01,
2651,-5.00e-02,-1.00e-01,
2652,-1.50e-01,-1.00e-01,
2653,-5.00e-02,-1.13e-05,
2654,-1.50e-01,-1.00e-01,
2655,-5.00e-02,-1.13e-05,
2656,-1.50e-01,-1.13e-05,
2657,-5.00e-02,-1.13e-05,
2658,-5.00e-02,-1.13e-05,
2659,-5.00e-02,-1.13e-05,
2660,-5.00e-02,-1.13e-05,
2661,-5.00e-02,-1.13e-05,
2662,-1.50e-01,-1.00e-01,
2663,-5.00e-02,-1.00e-01,
2664,-1.50e-01,-1.00e-01,
2665,-5.00e-02,-1.13e-05,
2666,-1.50e-01,-1.00e-01,
2667,-5.00e-02,-1.00e-01,
2668,-1.50e-01,-1.00e-01,
2669,-5.00e-02,-1.13e-05,
2670,-5.00e-02,-1.00e-01,
2671,-5.00e-02,-1.00e-01,
2672,-1.50e-01,-1.00e-01,
2673,-5.00e-02,-1.13e-05,
2674,-1.50e-01,-1.00e-01,
2675,-5.00e-02,-1.13e-05,
2676,-1.50e-01,-1.00e-01,
2677,-5.00e-02,-1.13e-05,
2678,-5.00e-02,-1.13e-05,
2679,-5.00e-02,-1.00e-01,
2680,-5.00e-02,-1.13e-05,
2681,-5.00e-02,-1.13e-05,
2682,-1.50e-01,-1.00e-01,
2683,-5.00e-02,-1.00e-01,
2684,-1.50e-01,-1.00e-01,
2685,-5.00e-02,-1.13e-05,
2686,-1.50e-01,-1.00e-01,
2687,-5.00e-02,-1.00e-01,
2688,-1.50e-01,-1.00e-01,
2689,-5.00e-02,-1.13e-05,
2690,-5.00e-02,-1.00e-01,
2691,-5.00e-02,-1.00e-01,
2692,-1.50e-01,-1.00e-01,
2693,-5.00e-02,-1.13e-05,
2694,-1.50e-01,-1.00e-01,
2695,-5.00e-02,-1.13e-05,
2696,-1.50e-01,-1.00e-01,
2697,-5.00e-02,-1.13e-05,
2698,-5.00e-02,-1.13e-05,
2699,-5.00e-02,-1.00e-01,
2700,-5.00e-02,-1.13e-05,
2701,-5.00e-02,-1.13e-05,
2702,-1.50e-01,-1.00e-01,
2703,-5.00e-02,-1.00e-01,
2704,-1.50e-01,-1.00e-01,
2705,-5.00e-02,-1.13e-05,
2706,-5.00e-02,-1.00e-01,
2707,-5.00e-02,-1.00e-01,
2708,-1.50e-01,-1.00e-01,
2709,-5.00e-02,-1.13e-05,
2710,-5.00e-02,-1.00e-01,
2711,-5.00e-02,-1.00e-01,
2712,-1.50e-01,-1.00e-01,
2713,-5.00e-02,-1.13e-05,
2714,-1.50e-01,-1.00e-01,
2715,-5.00e-02,-1.13e-05,
2716,-1.50e-01,-1.00e-01,
2717,-5.00e-02,-1.13e-05,
2718,-5.00e-02,-1.13e-05,
2719,-5.00e-02,-1.00e-01,
2720,-1.50e-01,-1.00e-01,
2721,-5.00e-02,-1.13e-05,
2722,-1.50e-01,-1.00e-01,
2723,-5.00e-02,-1.00e-01,
2724,-1.50e-01,-1.00e-01,
2725,-5.00e-02,-1.13e-05,
2726,-5.00e-02,-1.00e-01,
2727,-5.00e-02,-1.00e-01,
2728,-1.50e-01,-1.00e-01,
2729,-5.00e-02,-1.13e-05,
2730,-5.00e-02,-1.13e-05,
2731,-5.00e-02,-1.00e-01,
2732,-1.50e-01,-1.00e-01,
2733,-5.00e-02,-1.13e-05,
2734,-1.50e-01,-1.00e-01,
2735,-5.00e-02,-1.13e-05,
2736,-1.50e-01,-1.00e-01,
2737,-5.00e-02,-1.13e-05,
2738,-5.00e-02,-1.13e-05,
2739,-5.00e-02,-1.00e-01,
2740,-5.00e-02,-1.00e-01,
2741,-5.00e-02,-1.13e-05,
2742,-1.50e-01,-1.00e-01,
2743,-5.00e-02,-1.00e-01,
2744,-1.50e-01,-1.00e-01,
2745,-5.00e-02,-1.13e-05,
2746,-5.00e-02,-1.00e-01,
2747,-5.00e-02,-1.00e-01,
2748,-5.00e-02,-1.00e-01,
2749,-5.00e-02,-1.13e-05,
2750,-5.00e-02,-1.13e-05,
2751,-5.00e-02,-1.00e-01,
2752,-1.50e-01,-1.00e-01,
2753,-5.00e-02,-1.13e-05,
2754,-5.00e-02,-1.00e-01,
2755,-5.00e-02,-1.00e-01,
2756,-5.00e-02,-1.00e-01,
2757,-5.00e-02,-1.13e-05,
2758,-5.00e-02,-1.13e-05,
2759,-5.00e-02,-1.00e-01,
2760,-5.00e-02,-1.00e-01,
2761,-5.00e-02,-1.13e-05,
2762,-5.00e-02,-1.00e-01,
2763,-5.00e-02,-1.00e-01,
2764,-1.50e-01,-1.00e-01,
2765,-5.00e-02,-1.13e-05,
2766,-1.50e-01,-1.00e-01,
2767,-5.00e-02,-1.00e-01,
2768,-5.00e-02,-1.00e-01,
2769,-5.00e-02,-1.13e-05,
2770,-5.00e-02,-1.13e-05,
2771,-5.00e-02,-1.00e-01,
2772,-1.50e-01,-1.00e-01,
2773,-5.00e-02,-1.13e-05,
2774,-5.00e-02,-1.00e-01,
2775,-5.00e-02,-1.13e-05,
2776,-1.50e-01,-1.00e-01,
2777,-5.00e-02,-1.13e-05,
2778,-5.00e-02,-1.13e-05,
2779,-5.00e-02,-1.00e-01,
2780,-5.00e-02,-1.13e-05,
2781,-5.00e-02,-1.13e-05,
2782,-5.00e-02,-1.00e-01,
2783,-5.00e-02,-1.00e-01,
2784,-1.50e-01,-1.00e-01,
2785,-5.00e-02,-1.13e-05,
2786,-5.00e-02,-1.00e-01,
2787,-5.00e-02,-1.00e-01,
2788,-5.00e-02,-1.00e-01,
2789,-5.00e-02,-1.13e-05,
2790,-5.00e-02,-1.13e-05,
2791,-5.00e-02,-1.00e-01,
2792,-1.50e-01,-1.00e-01,
2793,-5.00e-02,-1.13e-05,
2794,-5.00e-02,-1.00e-01,
2795,-5.00e-02,-1.13e-05,
2796,-5.00e-02,-1.00e-01,
2797,-5.00e-02,-1.13e-05,
2798,-5.00e-02,-1.00e-01,
2799,-5.00e-02,-1.00e-01,
2800,-5.00e-02,-1.13e-05,
2801,-5.00e-02,-1.13e-05,
2802,-1.50e-01,-1.00e-01,
2803,-5.00e-02,-1.00e-01,
2804,-1.50e-01,-1.00e-01,
2805,-5.00e-02,-1.13e-05,
2806,-5.00e-02,-1.00e-01,
2807,-5.00e-02,-1.00e-01,
2808,-5.00e-02,-1.00e-01,
2809,-5.00e-02,-1.13e-05,
2810,-5.00e-02,-1.13e-05,
2811,-5.00e-02,-1.00e-01,
2812,-1.50e-01,-1.00e-01,
2813,-5.00e-02,-1.13e-05,
2814,-5.00e-02,-1.00e-01,
2815,-5.00e-02,-1.13e-05,
2816,-1.50e-01,-1.00e-01,
2817,-5.00e-02,-1.13e-05,
2818,-5.00e-02,-1.13e-05,
2819,-5.00e-02,-1.00e-01,
2820,-5.00e-02,-1.00e-01,
2821,-5.00e-02,-1.13e-05,
2822,-1.50e-01,-1.00e-01,
2823,-5.00e-02,-1.13e-05,
2824,-1.50e-01,-1.00e-01,
2825,-5.00e-02,-1.13e-05,
2826,-5.00e-02,-1.00e-01,
2827,-5.00e-02,-1.00e-01,
2828,-5.00e-02,-1.00e-01,
2829,-5.00e-02,-1.13e-05,
2830,-1.50e-01,-1.00e-01,
2831,-5.00e-02,-1.13e-05,
2832,-1.50e-01,-1.00e-01,
2833,-5.00e-02,-1.13e-05,
2834,-5.00e-02,-1.13e-05,
2835,-1.50e-01,-1.00e-01,
2836,-5.00e-02,-1.13e-05,
2837,-5.00e-02,-1.13e-05,
2838,-1.50e-01,-1.00e-01,
2839,-5.00e-02,-1.13e-05,
2840,-1.50e-01,-1.00e-01,
2841,-5.00e-02,-1.13e-05,
2842,-5.00e-02,-1.00e-01,
2843,-5.00e-02,-1.00e-01,
2844,-5.00e-02,-1.00e-01,
2845,-5.00e-02,-1.13e-05,
2846,-5.00e-02,-1.00e-01,
2847,-5.00e-02,-1.00e-01,
2848,-5.00e-02,-1.00e-01,
2849,-5.00e-02,-1.13e-05,
2850,-5.00e-02,-1.13e-05,
2851,-5.00e-02,-1.00e-01,
2852,-1.50e-01,-1.00e-01,
2853,-5.00e-02,-1.13e-05,
2854,-1.50e-01,-1.00e-01,
2855,-5.00e-02,-1.13e-05,
2856,-1.50e-01,-1.00e-01,
2857,-5.00e-02,-1.13e-05,
2858,-5.00e-02,-1.13e-05,
2859,-5.00e-02,-1.00e-01,
2860,-5.00e-02,-1.13e-05,
2861,-5.00e-02,-1.13e-05,
2862,-1.50e-01,-1.00e-01,
2863,-5.00e-02,-1.00e-01,
2864,-1.50e-01,-1.00e-01,
2865,-5.00e-02,-1.13e-05,
2866,-5.00e-02,-1.00e-01,
2867,-5.00e-02,-1.00e-01,
2868,-1.50e-01,-1.00e-01,
2869,-5.00e-02,-1.13e-05,
2870,-5.00e-02,-1.13e-05,
2871,-5.00e-02,-1.00e-01,
2872,-1.50e-01,-1.00e-01,
2873,-5.00e-02,-1.13e-05,
2874,-1.50e-01,-1.00e-01,
2875,-5.00e-02,-1.13e-05,
2876,-1.50e-01,-1.00e-01,
2877,-5.00e-02,-1.13e-05,
2878,-5.00e-02,-1.00e-01,
2879,-5.00e-02,-1.00e-01,
2880,-5.00e-02,-1.13e-05,
2881,-5.00e-02,-1.13e-05,
2882,-5.00e-02,-1.00e-01,
2883,-5.00e-02,-1.13e-05,
2884,-1.50e-01,-1.00e-01,
2885,-5.00e-02,-1.13e-05,
2886,-5.00e-02,-1.00e-01,
2887,-5.00e-02,-1.00e-01,
2888,-5.00e-02,-1.00e-01,
2889,-5.00e-02,-1.13e-05,
2890,-5.00e-02,-1.13e-05,
2891,-5.00e-02,-1.00e-01,
2892,-5.00e-02,-1.00e-01,
2893,-5.00e-02,-1.13e-05,
2894,-5.00e-02,-1.00e-01,
2895,-5.00e-02,-1.13e-05,
2896,-1.50e-01,-1.00e-01,
2897,-5.00e-02,-1.13e-05,
2898,-5.00e-02,-1.00e-01,
2899,-5.00e-02,-1.00e-01,
2900,-5.00e-02,-1.00e-01,
2901,-5.00e-02,-1.13e-05,
2902,-1.50e-01,-1.00e-01,
2903,-5.00e-02,-1.00e-01,
2904,-1.50e-01,-1.00e-01,
2905,-5.00e-02,-1.13e-05,
2906,-5.00e-02,-1.00e-01,
2907,-5.00e-02,-1.00e-01,
2908,-5.00e-02,-1.00e-01,
2909,-5.00e-02,-1.13e-05,
2910,-5.00e-02,-1.13e-05,
2911,-5.00e-02,-1.00e-01,
2912,-1.50e-01,-1.00e-01,
2913,-5.00e-02,-1.13e-05,
2914,-5.00e-02,-1.13e-05,
2915,-5.00e-02,-1.00e-01,
2916,-5.00e-02,-1.00e-01,
2917,-5.00e-02,-1.13e-05,
2918,-5.00e-02,-1.00e-01,
2919,-5.00e-02,-1.00e-01,
2920,-1.50e-01,-1.00e-01,
2921,-5.00e-02,-1.13e-05,
2922,-5.00e-02,-1.00e-01,
2923,-5.00e-02,-1.00e-01,
2924,-1.50e-01,-1.00e-01,
2925,-5.00e-02,-1.13e-05,
2926,-5.00e-02,-1.00e-01,
2927,-5.00e-02,-1.00e-01,
2928,-5.00e-02,-1.13e-05,
2929,-5.00e-02,-1.13e-05,
2930,-5.00e-02,-1.13e-05,
2931,-5.00e-02,-1.00e-01,
2932,-5.00e-02,-1.00e-01,
2933,-5.00e-02,-1.13e-05,
2934,-5.00e-02,-1.00e-01,
2935,-5.00e-02,-1.13e-05,
2936,-1.50e-01,-1.00e-01,
2937,-5.00e-02,-1.13e-05,
2938,-5.00e-02,-1.13e-05,
2939,-5.00e-02,-1.00e-01,
2940,-5.00e-02,-1.00e-01,
2941,-5.00e-02,-1.13e-05,
2942,-5.00e-02,-1.00e-01,
2943,-5.00e-02,-1.00e-01,
2944,-1.50e-01,-1.00e-01,
2945,-5.00e-02,-1.13e-05,
2946,-5.00e-02,-1.00e-01,
2947,-5.00e-02,-1.00e-01,
2948,-5.00e-02,-1.00e-01,
2949,-5.00e-02,-1.13e-05,
2950,-5.00e-02,-1.13e-05,
2951,-5.00e-02,-1.00e-01,
2952,-5.00e-02,-1.13e-05,
2953,-5.00e-02,-1.13e-05,
2954,-5.00e-02,-1.00e-01,
2955,-5.00e-02,-1.13e-05,
2956,-5.00e-02,-1.00e-01,
2957,-5.00e-02,-1.13e-05,
2958,-5.00e-02,-1.00e-01,
2959,-5.00e-02,-1.00e-01,
2960,-5.00e-02,-1.00e-01,
2961,-5.00e-02,-1.13e-05,
2962,-5.00e-02,-1.00e-01,
2963,-5.00e-02,-1.00e-01,
2964,-5.00e-02,-1.00e-01,
2965,-5.00e-02,-1.13e-05,
2966,-5.00e-02,-1.13e-05,
2967,-5.00e-02,-1.00e-01,
2968,-5.00e-02,-1.00e-01,
2969,-5.00e-02,-1.13e-05,
2970,-5.00e-02,-1.13e-05,
2971,-5.00e-02,-1.00e-01,
2972,-1.50e-01,-1.00e-01,
2973,-5.00e-02,-1.13e-05,
2974,-5.00e-02,-1.00e-01,
2975,-5.00e-02,-1.13e-05,
2976,-1.50e-01,-1.00e-01,
2977,-5.00e-02,-1.13e-05,
2978,-5.00e-02,-1.13e-05,
2979,-5.00e-02,-1.00e-01,
2980,-5.00e-02,-1.00e-01,
2981,-5.00e-02,-1.13e-05,
2982,-5.00e-02,-1.00e-01,
2983,-5.00e-02,-1.13e-05,
2984,-1.50e-01,-1.00e-01,
2985,-5.00e-02,-1.13e-05,
2986,-5.00e-02,-1.00e-01,
2987,-5.00e-02,-1.13e-05,
2988,-5.00e-02,-1.00e-01,
2989,-5.00e-02,-1.13e-05,
2990,-5.00e-02,-1.13e-05,
2991,-5.00e-02,-1.13e-05,
2992,-1.50e-01,-1.00e-01,
2993,-5.00e-02,-1.13e-05,
2994,-5.00e-02,-1.00e-01,
2995,-5.00e-02,-1.13e-05,
2996,-5.00e-02,-1.00e-01,
2997,-5.00e-02,-1.13e-05,
2998,-5.00e-02,-1.13e-05,
2999,-5.00e-02,-1.00e-01,
